id,group,movements,noise,renew_noise,hold_min,peak_reset,composite_peak,entry_window,entry_percentile,min_bout,exit_percentile,exit_windows,exit_events,exit_rms_lookback,deep_min,deep_bouts,stageable_min,fallback_min,first_half_deep_min,safety_cap_min,short_run_filtered_min,deep_percent,bouts_per_hour,median_bout_minutes,longest_bout_minutes,short_bouts_le5,light_gaps_le2,first_deep_elapsed_percent,first_half_share_of_deep,deep_intervals
anchor_A,anchor,2,3.0,-1.0,45,1.5,false,15,65,10,70,3,8,5,88.0,4,149,193.0,30.0,0,0,25.730994152046783,0.7017543859649122,18.5,39.0,0,1,21.201622807017547,0.3409090909090909,02:43-03:01; 03:03-03:15; 04:28-05:07; 06:53-07:12
anchor_B,anchor,2,3.0,-1.0,45,3.0,false,10,65,5,50,1,8,5,101.0,8,244,137.0,9.49045,0,39,29.53216374269006,1.4035087719298245,5.0,56.0,5,0,45.47062865497076,0.0939648514851485,04:06-04:11; 04:17-04:22; 04:27-05:23; 05:43-05:48; 06:15-06:22; 06:26-06:39; 06:57-07:02; 07:07-07:12
A_entryP55,local,2,3.0,-1.0,45,1.5,false,15,55,10,70,3,8,5,39.0,1,149,206.0,0.0,0,13,11.403508771929824,0.17543859649122806,39.0,39.0,0,0,51.90337719298246,0.0,04:28-05:07
A_entryP60,local,2,3.0,-1.0,45,1.5,false,15,60,10,70,3,8,5,59.0,3,149,193.0,10.0,0,0,17.251461988304094,0.5263157894736842,10.0,39.0,0,0,23.540804093567253,0.1694915254237288,02:51-03:01; 04:28-05:07; 07:02-07:12
A_entryP62,local,2,3.0,-1.0,45,1.5,false,15,62,10,70,3,8,5,68.0,3,149,193.0,10.0,0,0,19.883040935672515,0.5263157894736842,19.0,39.0,0,0,23.540804093567253,0.14705882352941177,02:51-03:01; 04:28-05:07; 06:53-07:12
A_entryP67,local,2,3.0,-1.0,45,1.5,false,15,67,10,70,3,8,5,88.0,4,149,193.0,30.0,0,0,25.730994152046783,0.7017543859649122,18.5,39.0,0,1,21.201622807017547,0.3409090909090909,02:43-03:01; 03:03-03:15; 04:28-05:07; 06:53-07:12
A_entryP70,local,2,3.0,-1.0,45,1.5,false,15,70,10,70,3,8,5,88.0,4,149,193.0,30.0,0,0,25.730994152046783,0.7017543859649122,18.5,39.0,0,1,21.201622807017547,0.3409090909090909,02:43-03:01; 03:03-03:15; 04:28-05:07; 06:53-07:12
A_exitP50,local,2,3.0,-1.0,45,1.5,false,15,65,10,50,3,8,5,49.0,2,149,219.0,10.0,0,26,14.327485380116958,0.3508771929824561,24.5,39.0,0,0,23.540804093567253,0.20408163265306123,02:51-03:01; 04:28-05:07
A_exitP55,local,2,3.0,-1.0,45,1.5,false,15,65,10,55,3,8,5,68.0,3,149,202.0,14.0,0,9,19.883040935672515,0.5263157894736842,15.0,39.0,0,0,22.371213450292398,0.20588235294117646,02:47-03:01; 04:28-05:07; 06:57-07:12
A_exitP60,local,2,3.0,-1.0,45,1.5,false,15,65,10,60,3,8,5,76.0,3,149,196.0,18.0,0,3,22.22222222222222,0.5263157894736842,19.0,39.0,0,0,21.201622807017547,0.23684210526315788,02:43-03:01; 04:28-05:07; 06:53-07:12
A_exitP62,local,2,3.0,-1.0,45,1.5,false,15,65,10,62,3,8,5,76.0,3,149,196.0,18.0,0,3,22.22222222222222,0.5263157894736842,19.0,39.0,0,0,21.201622807017547,0.23684210526315788,02:43-03:01; 04:28-05:07; 06:53-07:12
A_exitP65,local,2,3.0,-1.0,45,1.5,false,15,65,10,65,3,8,5,76.0,3,149,196.0,18.0,0,3,22.22222222222222,0.5263157894736842,19.0,39.0,0,0,21.201622807017547,0.23684210526315788,02:43-03:01; 04:28-05:07; 06:53-07:12
A_exitP67,local,2,3.0,-1.0,45,1.5,false,15,65,10,67,3,8,5,88.0,4,149,193.0,30.0,0,0,25.730994152046783,0.7017543859649122,18.5,39.0,0,1,21.201622807017547,0.3409090909090909,02:43-03:01; 03:03-03:15; 04:28-05:07; 06:53-07:12
A_exitP75,local,2,3.0,-1.0,45,1.5,false,15,65,10,75,3,8,5,90.0,3,149,193.0,32.0,0,0,26.31578947368421,0.5263157894736842,32.0,39.0,0,0,21.201622807017547,0.35555555555555557,02:43-03:15; 04:28-05:07; 06:53-07:12
A_window10,local,2,3.0,-1.0,45,1.5,false,10,65,10,70,3,8,5,72.0,3,149,198.0,15.0,0,5,21.052631578947366,0.5263157894736842,15.0,42.0,0,0,22.078815789473687,0.20833333333333334,02:46-03:01; 04:25-05:07; 06:57-07:12
A_window12,local,2,3.0,-1.0,45,1.5,false,12,65,10,70,3,8,5,76.0,3,149,196.0,14.0,0,3,22.22222222222222,0.5263157894736842,20.0,42.0,0,0,22.371213450292398,0.18421052631578946,02:47-03:01; 04:25-05:07; 06:52-07:12
A_bout5,local,2,3.0,-1.0,45,1.5,false,15,65,5,70,3,8,5,88.0,4,149,193.0,30.0,0,0,25.730994152046783,0.7017543859649122,18.5,39.0,0,1,21.201622807017547,0.3409090909090909,02:43-03:01; 03:03-03:15; 04:28-05:07; 06:53-07:12
A_bout7,local,2,3.0,-1.0,45,1.5,false,15,65,7,70,3,8,5,88.0,4,149,193.0,30.0,0,0,25.730994152046783,0.7017543859649122,18.5,39.0,0,1,21.201622807017547,0.3409090909090909,02:43-03:01; 03:03-03:15; 04:28-05:07; 06:53-07:12
A_wait1,local,2,3.0,-1.0,45,1.5,false,15,65,10,70,1,8,5,86.0,4,149,193.0,28.0,0,0,25.146198830409354,0.7017543859649122,17.5,39.0,0,0,21.201622807017547,0.32558139534883723,02:43-02:59; 03:03-03:15; 04:28-05:07; 06:53-07:12
A_wait2,local,2,3.0,-1.0,45,1.5,false,15,65,10,70,2,8,5,87.0,4,149,193.0,29.0,0,0,25.438596491228072,0.7017543859649122,18.0,39.0,0,0,21.201622807017547,0.3333333333333333,02:43-03:00; 03:03-03:15; 04:28-05:07; 06:53-07:12
A_rms3,local,2,3.0,-1.0,45,1.5,false,15,65,10,70,3,8,3,87.0,4,149,193.0,29.0,0,0,25.438596491228072,0.7017543859649122,18.0,39.0,0,0,21.201622807017547,0.3333333333333333,02:43-03:00; 03:03-03:15; 04:28-05:07; 06:53-07:12
A_rms7,local,2,3.0,-1.0,45,1.5,false,15,65,10,70,3,8,7,90.0,3,149,193.0,32.0,0,0,26.31578947368421,0.5263157894736842,32.0,39.0,0,0,21.201622807017547,0.35555555555555557,02:43-03:15; 04:28-05:07; 06:53-07:12
A_peak2.0,local,2,3.0,-1.0,45,2.0,false,15,65,10,70,3,8,5,90.0,3,178,171.0,32.0,0,7,26.31578947368421,0.5263157894736842,32.0,39.0,0,0,21.201622807017547,0.35555555555555557,02:43-03:15; 04:28-05:07; 06:53-07:12
A_peak2.5,local,2,3.0,-1.0,45,2.5,false,15,65,10,70,3,8,5,105.0,4,205,156.0,32.0,0,19,30.701754385964914,0.7017543859649122,25.5,39.0,0,0,21.201622807017547,0.3047619047619048,02:43-03:15; 04:28-05:07; 06:26-06:41; 06:53-07:12
A_peak3.0,local,2,3.0,-1.0,45,3.0,false,15,65,10,70,3,8,5,149.0,5,244,121.0,32.0,0,23,43.567251461988306,0.8771929824561403,19.0,68.0,0,0,21.201622807017547,0.21476510067114093,02:43-03:15; 04:25-05:33; 05:36-05:51; 06:26-06:41; 06:53-07:12
A_noise2.5,local,2,2.5,-1.0,45,1.5,false,15,65,10,70,3,8,5,110.0,4,205,137.0,44.0,0,0,32.16374269005848,0.7017543859649122,22.0,56.0,0,0,23.540804093567253,0.4,02:51-03:01; 03:20-03:54; 04:28-05:24; 07:02-07:12
A_noise2.75,local,2,2.75,-1.0,45,1.5,false,15,65,10,70,3,8,5,110.0,4,205,137.0,44.0,0,0,32.16374269005848,0.7017543859649122,22.0,56.0,0,0,23.540804093567253,0.4,02:51-03:01; 03:20-03:54; 04:28-05:24; 07:02-07:12
A_hold35,local,2,3.0,-1.0,35,1.5,false,15,65,10,70,3,8,5,58.0,3,145,201.0,10.0,0,4,16.95906432748538,0.5263157894736842,19.0,29.0,0,0,23.540804093567253,0.1724137931034483,02:51-03:01; 04:28-04:57; 06:53-07:12
A_hold55,local,2,3.0,-1.0,55,1.5,false,15,65,10,70,3,8,5,95.0,4,176,166.0,20.0,0,0,27.77777777777778,0.7017543859649122,14.5,56.0,0,0,23.540804093567253,0.21052631578947367,02:51-03:01; 03:15-03:25; 04:28-05:24; 06:53-07:12
A_renew2.5,local,2,3.0,2.5,45,1.5,false,15,65,10,70,3,8,5,110.0,4,205,137.0,44.0,0,0,32.16374269005848,0.7017543859649122,22.0,56.0,0,0,23.540804093567253,0.4,02:51-03:01; 03:20-03:54; 04:28-05:24; 07:02-07:12
A_renew2.75,local,2,3.0,2.75,45,1.5,false,15,65,10,70,3,8,5,110.0,4,205,137.0,44.0,0,0,32.16374269005848,0.7017543859649122,22.0,56.0,0,0,23.540804093567253,0.4,02:51-03:01; 03:20-03:54; 04:28-05:24; 07:02-07:12
B_entryP55,local,2,3.0,-1.0,45,3.0,false,10,55,5,50,1,8,5,96.0,7,244,124.0,9.49045,0,26,28.07017543859649,1.2280701754385965,5.0,56.0,4,0,45.47062865497076,0.09885885416666666,04:06-04:11; 04:17-04:22; 04:27-05:23; 05:43-05:48; 06:15-06:22; 06:26-06:39; 07:07-07:12
B_entryP60,local,2,3.0,-1.0,45,3.0,false,10,60,5,50,1,8,5,101.0,8,244,126.0,9.49045,0,28,29.53216374269006,1.4035087719298245,5.0,56.0,5,0,45.47062865497076,0.0939648514851485,04:06-04:11; 04:17-04:22; 04:27-05:23; 05:43-05:48; 06:15-06:22; 06:26-06:39; 06:57-07:02; 07:07-07:12
B_entryP62,local,2,3.0,-1.0,45,3.0,false,10,62,5,50,1,8,5,101.0,8,244,129.0,9.49045,0,31,29.53216374269006,1.4035087719298245,5.0,56.0,5,0,45.47062865497076,0.0939648514851485,04:06-04:11; 04:17-04:22; 04:27-05:23; 05:43-05:48; 06:15-06:22; 06:26-06:39; 06:57-07:02; 07:07-07:12
B_entryP67,local,2,3.0,-1.0,45,3.0,false,10,67,5,50,1,8,5,101.0,8,244,138.0,9.49045,0,40,29.53216374269006,1.4035087719298245,5.0,56.0,5,0,45.47062865497076,0.0939648514851485,04:06-04:11; 04:17-04:22; 04:27-05:23; 05:43-05:48; 06:15-06:22; 06:26-06:39; 06:57-07:02; 07:07-07:12
B_entryP70,local,2,3.0,-1.0,45,3.0,false,10,70,5,50,1,8,5,101.0,8,244,138.0,9.49045,0,40,29.53216374269006,1.4035087719298245,5.0,56.0,5,0,45.47062865497076,0.0939648514851485,04:06-04:11; 04:17-04:22; 04:27-05:23; 05:43-05:48; 06:15-06:22; 06:26-06:39; 06:57-07:02; 07:07-07:12
B_exitP55,local,2,3.0,-1.0,45,3.0,false,10,65,5,55,1,8,5,116.0,10,244,129.0,20.49045,0,31,33.91812865497076,1.7543859649122806,6.5,56.0,4,2,22.371213450292398,0.17664181034482757,02:47-02:52; 02:53-02:59; 04:06-04:11; 04:17-04:22; 04:27-05:23; 05:43-05:48; 06:15-06:22; 06:26-06:39; 06:57-07:04; 07:05-07:12
B_exitP60,local,2,3.0,-1.0,45,3.0,false,10,65,5,60,1,8,5,133.0,9,244,121.0,28.49045,0,23,38.88888888888889,1.5789473684210527,7.0,58.0,4,0,21.786418128654972,0.21421390977443608,02:45-02:59; 03:08-03:13; 04:06-04:11; 04:17-04:22; 04:25-05:23; 05:43-05:48; 06:15-06:22; 06:26-06:39; 06:51-07:12
B_exitP62,local,2,3.0,-1.0,45,3.0,false,10,65,5,62,1,8,5,145.0,9,244,114.0,32.49045,0,16,42.39766081871345,1.5789473684210527,7.0,66.0,4,0,20.616827485380117,0.22407206896551726,02:41-02:59; 03:08-03:13; 04:06-04:11; 04:17-04:22; 04:25-05:31; 05:43-05:48; 06:15-06:22; 06:26-06:39; 06:51-07:12
B_exitP65,local,2,3.0,-1.0,45,3.0,false,10,65,5,65,1,8,5,155.0,9,244,109.0,42.49045,0,11,45.32163742690059,1.5789473684210527,13.0,66.0,2,0,20.616827485380117,0.274131935483871,02:41-02:59; 03:02-03:15; 04:06-04:13; 04:17-04:22; 04:25-05:31; 05:43-05:48; 06:15-06:22; 06:26-06:39; 06:51-07:12
B_exitP67,local,2,3.0,-1.0,45,3.0,false,10,65,5,67,1,8,5,155.0,9,244,109.0,42.49045,0,11,45.32163742690059,1.5789473684210527,13.0,66.0,2,0,20.616827485380117,0.274131935483871,02:41-02:59; 03:02-03:15; 04:06-04:13; 04:17-04:22; 04:25-05:31; 05:43-05:48; 06:15-06:22; 06:26-06:39; 06:51-07:12
B_exitP70,local,2,3.0,-1.0,45,3.0,false,10,65,5,70,1,8,5,168.0,8,244,102.0,47.49045,0,4,49.122807017543856,1.4035087719298245,13.0,66.0,1,0,20.03203216374269,0.28268125,02:39-03:15; 04:06-04:13; 04:17-04:22; 04:25-05:31; 05:36-05:49; 06:15-06:22; 06:26-06:39; 06:51-07:12
B_exitP75,local,2,3.0,-1.0,45,3.0,false,10,65,5,75,1,8,5,180.0,6,244,102.0,48.49045,0,4,52.63157894736842,1.0526315789473684,22.5,75.0,0,0,20.03203216374269,0.2693913888888889,02:39-03:15; 04:06-04:14; 04:17-05:32; 05:36-05:52; 06:15-06:39; 06:51-07:12
B_window12,local,2,3.0,-1.0,45,3.0,false,12,65,5,50,1,8,5,96.0,7,244,139.0,4.49045,0,41,28.07017543859649,1.2280701754385965,6.0,56.0,3,0,48.68700292397661,0.046775520833333334,04:17-04:22; 04:27-05:23; 05:42-05:48; 06:16-06:22; 06:26-06:39; 06:57-07:02; 07:07-07:12
B_window15,local,2,3.0,-1.0,45,3.0,false,15,65,5,50,1,8,5,84.0,5,244,141.0,4.49045,0,43,24.561403508771928,0.8771929824561403,5.0,56.0,3,0,48.68700292397661,0.05345773809523809,04:17-04:22; 04:27-05:23; 06:26-06:39; 06:57-07:02; 07:07-07:12
B_bout7,local,2,3.0,-1.0,45,3.0,false,10,65,7,50,1,8,5,76.0,3,244,162.0,0.0,0,64,22.22222222222222,0.5263157894736842,13.0,56.0,0,0,51.610979532163746,0.0,04:27-05:23; 06:15-06:22; 06:26-06:39
B_bout10,local,2,3.0,-1.0,45,3.0,false,10,65,10,50,1,8,5,69.0,2,244,169.0,0.0,0,71,20.175438596491226,0.3508771929824561,34.5,56.0,0,0,51.610979532163746,0.0,04:27-05:23; 06:26-06:39
B_wait2,local,2,3.0,-1.0,45,3.0,false,10,65,5,50,2,8,5,129.0,11,244,128.0,16.49045,0,30,37.719298245614034,1.9298245614035088,6.0,59.0,2,3,24.417997076023394,0.1278329457364341,02:54-03:00; 04:06-04:12; 04:17-04:23; 04:25-05:24; 05:25-05:32; 05:36-05:41; 05:42-05:49; 06:15-06:23; 06:26-06:40; 06:57-07:03; 07:07-07:12
B_wait3,local,2,3.0,-1.0,45,3.0,false,10,65,5,50,3,8,5,145.0,12,244,123.0,17.49045,0,25,42.39766081871345,2.1052631578947367,7.0,60.0,1,6,24.710394736842105,0.12062379310344827,02:55-03:01; 04:06-04:13; 04:17-04:24; 04:25-05:25; 05:26-05:33; 05:36-05:42; 05:43-05:50; 06:15-06:24; 06:26-06:41; 06:43-06:48; 06:55-07:04; 07:05-07:12
B_rms3,local,2,3.0,-1.0,45,3.0,false,10,65,5,50,1,8,3,96.0,8,244,138.0,5.0,0,40,28.07017543859649,1.4035087719298245,6.0,57.0,3,1,45.47062865497076,0.052083333333333336,04:06-04:11; 04:25-05:22; 05:25-05:30; 05:41-05:47; 06:15-06:21; 06:26-06:31; 06:32-06:38; 07:06-07:12
B_rms7,local,2,3.0,-1.0,45,3.0,false,10,65,5,50,1,8,7,102.0,7,244,137.0,10.49045,0,39,29.82456140350877,1.2280701754385965,8.0,57.0,1,0,45.47062865497076,0.10284754901960784,04:06-04:12; 04:17-04:23; 04:27-05:24; 05:27-05:32; 05:41-05:49; 06:15-06:23; 06:28-06:40
B_peak1.5,local,2,3.0,-1.0,45,1.5,false,10,65,5,50,1,8,5,55.0,4,149,203.0,5.0,0,10,16.08187134502924,0.7017543859649122,5.0,40.0,3,0,24.417997076023394,0.09090909090909091,02:54-02:59; 04:27-05:07; 06:57-07:02; 07:07-07:12
B_peak2.0,local,2,3.0,-1.0,45,2.0,false,10,65,5,50,1,8,5,66.0,6,178,186.0,11.0,0,22,19.298245614035086,1.0526315789473684,5.0,40.0,4,1,22.371213450292398,0.16666666666666666,02:47-02:52; 02:53-02:59; 04:27-05:07; 05:43-05:48; 06:57-07:02; 07:07-07:12
B_peak2.5,local,2,3.0,-1.0,45,2.5,false,10,65,5,50,1,8,5,75.0,6,205,164.0,0.0,0,27,21.929824561403507,1.0526315789473684,6.0,40.0,3,0,51.610979532163746,0.0,04:27-05:07; 05:43-05:48; 06:15-06:22; 06:26-06:39; 06:57-07:02; 07:07-07:12
B_noise2.5,local,2,2.5,-1.0,45,3.0,false,10,65,5,50,1,8,5,123.0,8,283,93.0,45.49045,0,34,35.96491228070175,1.4035087719298245,5.0,55.0,5,0,32.02033625730994,0.3698410569105691,03:20-03:56; 04:06-04:11; 04:17-04:22; 04:27-05:22; 05:43-05:48; 06:15-06:22; 06:27-06:32; 07:07-07:12
B_noise2.75,local,2,2.75,-1.0,45,3.0,false,10,65,5,50,1,8,5,123.0,8,283,93.0,45.49045,0,34,35.96491228070175,1.4035087719298245,5.0,55.0,5,0,32.02033625730994,0.3698410569105691,03:20-03:56; 04:06-04:11; 04:17-04:22; 04:27-05:22; 05:43-05:48; 06:15-06:22; 06:27-06:32; 07:07-07:12
B_hold35,local,2,3.0,-1.0,35,3.0,false,10,65,5,50,1,8,5,90.0,8,231,141.0,18.49045,0,30,26.31578947368421,1.4035087719298245,6.0,41.0,4,0,39.9150730994152,0.20544944444444443,03:47-03:56; 04:06-04:11; 04:17-04:22; 04:27-05:08; 05:43-05:48; 06:15-06:22; 06:26-06:39; 07:07-07:12
B_hold55,local,2,3.0,-1.0,55,3.0,false,10,65,5,50,1,8,5,105.0,9,254,123.0,14.49045,0,35,30.701754385964914,1.5789473684210527,5.0,55.0,6,0,32.02033625730994,0.13800428571428572,03:20-03:25; 04:06-04:11; 04:17-04:22; 04:27-05:22; 05:43-05:48; 06:15-06:22; 06:26-06:39; 06:57-07:02; 07:07-07:12
B_renew2.5,local,2,3.0,2.5,45,3.0,false,10,65,5,50,1,8,5,123.0,8,283,93.0,45.49045,0,34,35.96491228070175,1.4035087719298245,5.0,55.0,5,0,32.02033625730994,0.3698410569105691,03:20-03:56; 04:06-04:11; 04:17-04:22; 04:27-05:22; 05:43-05:48; 06:15-06:22; 06:27-06:32; 07:07-07:12
B_renew2.75,local,2,3.0,2.75,45,3.0,false,10,65,5,50,1,8,5,123.0,8,283,93.0,45.49045,0,34,35.96491228070175,1.4035087719298245,5.0,55.0,5,0,32.02033625730994,0.3698410569105691,03:20-03:56; 04:06-04:11; 04:17-04:22; 04:27-05:22; 05:43-05:48; 06:15-06:22; 06:27-06:32; 07:07-07:12
