profile,start,end,duration_min,exit_reason,primary_reason,coupling_reason
B_peak2.5_x60_w15_e2_b5_r5,02:46,03:00,14.0,exit_sustained_rolling_motion,EXIT_SUSTAINED_ACTIVITY,
B_peak2.5_x60_w15_e2_b5_r5,03:07,03:15,8.0,exit_coupling_lost,COUPLING_EXPIRED,COUPLING_EXPIRED
B_peak2.5_x60_w15_e2_b5_r5,04:28,05:07,39.0,exit_coupling_lost,COUPLING_EXPIRED,COUPLING_EXPIRED
B_peak2.5_x60_w15_e2_b5_r5,05:44,05:49,5.0,exit_sustained_rolling_motion,EXIT_SUSTAINED_ACTIVITY,
B_peak2.5_x60_w15_e2_b5_r5,06:18,06:23,5.0,exit_sustained_rolling_motion,EXIT_SUSTAINED_ACTIVITY,
B_peak2.5_x60_w15_e2_b5_r5,06:26,06:40,14.0,exit_sustained_rolling_motion,EXIT_SUSTAINED_ACTIVITY,
B_peak2.5_x60_w15_e2_b5_r5,06:43,06:48,5.0,exit_sustained_rolling_motion,EXIT_SUSTAINED_ACTIVITY,
B_peak2.5_x60_w15_e2_b5_r5,06:53,07:12,19.0,exit_missing_motion,MISSING_MOTION,
B_peak2.5_x65_w15_e2_b5_r5,02:43,03:00,17.0,exit_sustained_rolling_motion,EXIT_SUSTAINED_ACTIVITY,
B_peak2.5_x65_w15_e2_b5_r5,03:04,03:15,11.0,exit_coupling_lost,COUPLING_EXPIRED,COUPLING_EXPIRED
B_peak2.5_x65_w15_e2_b5_r5,04:28,05:07,39.0,exit_coupling_lost,COUPLING_EXPIRED,COUPLING_EXPIRED
B_peak2.5_x65_w15_e2_b5_r5,05:44,05:49,5.0,exit_sustained_rolling_motion,EXIT_SUSTAINED_ACTIVITY,
B_peak2.5_x65_w15_e2_b5_r5,06:18,06:23,5.0,exit_sustained_rolling_motion,EXIT_SUSTAINED_ACTIVITY,
B_peak2.5_x65_w15_e2_b5_r5,06:26,06:40,14.0,exit_sustained_rolling_motion,EXIT_SUSTAINED_ACTIVITY,
B_peak2.5_x65_w15_e2_b5_r5,06:43,06:48,5.0,exit_sustained_rolling_motion,EXIT_SUSTAINED_ACTIVITY,
B_peak2.5_x65_w15_e2_b5_r5,06:53,07:12,19.0,exit_missing_motion,MISSING_MOTION,
C_peak2.5_x67_w14_e2_b6,02:42,03:00,18.0,exit_sustained_rolling_motion,EXIT_SUSTAINED_ACTIVITY,
C_peak2.5_x67_w14_e2_b6,03:01,03:15,14.0,exit_coupling_lost,COUPLING_EXPIRED,COUPLING_EXPIRED
C_peak2.5_x67_w14_e2_b6,04:27,05:07,40.0,exit_coupling_lost,COUPLING_EXPIRED,COUPLING_EXPIRED
C_peak2.5_x67_w14_e2_b6,05:43,05:49,6.0,exit_sustained_rolling_motion,EXIT_SUSTAINED_ACTIVITY,
C_peak2.5_x67_w14_e2_b6,06:17,06:23,6.0,exit_sustained_rolling_motion,EXIT_SUSTAINED_ACTIVITY,
C_peak2.5_x67_w14_e2_b6,06:26,06:40,14.0,exit_sustained_rolling_motion,EXIT_SUSTAINED_ACTIVITY,
C_peak2.5_x67_w14_e2_b6,06:53,07:12,19.0,exit_missing_motion,MISSING_MOTION,
C_peak2.5_x70_w14_e2_b6,02:42,03:15,33.0,exit_coupling_lost,COUPLING_EXPIRED,COUPLING_EXPIRED
C_peak2.5_x70_w14_e2_b6,04:27,05:07,40.0,exit_coupling_lost,COUPLING_EXPIRED,COUPLING_EXPIRED
C_peak2.5_x70_w14_e2_b6,05:39,05:50,11.0,exit_sustained_rolling_motion,EXIT_SUSTAINED_ACTIVITY,
C_peak2.5_x70_w14_e2_b6,06:17,06:23,6.0,exit_sustained_rolling_motion,EXIT_SUSTAINED_ACTIVITY,
C_peak2.5_x70_w14_e2_b6,06:26,06:40,14.0,exit_sustained_rolling_motion,EXIT_SUSTAINED_ACTIVITY,
C_peak2.5_x70_w14_e2_b6,06:53,07:12,19.0,exit_missing_motion,MISSING_MOTION,
anchor_A,02:43,03:01,18.0,exit_sustained_rolling_motion,EXIT_SUSTAINED_ACTIVITY,
anchor_A,03:03,03:15,12.0,exit_coupling_lost,COUPLING_EXPIRED,COUPLING_EXPIRED
anchor_A,04:28,05:07,39.0,exit_coupling_lost,COUPLING_EXPIRED,COUPLING_EXPIRED
anchor_A,06:53,07:12,19.0,exit_missing_motion,MISSING_MOTION,
anchor_B,04:06,04:11,5.0,exit_sustained_rolling_motion,EXIT_SUSTAINED_ACTIVITY,
anchor_B,04:17,04:22,5.0,exit_sustained_rolling_motion,EXIT_SUSTAINED_ACTIVITY,
anchor_B,04:27,05:23,56.0,exit_sustained_rolling_motion,EXIT_SUSTAINED_ACTIVITY,
anchor_B,05:43,05:48,5.0,exit_sustained_rolling_motion,EXIT_SUSTAINED_ACTIVITY,
anchor_B,06:15,06:22,7.0,exit_sustained_rolling_motion,EXIT_SUSTAINED_ACTIVITY,
anchor_B,06:26,06:39,13.0,exit_sustained_rolling_motion,EXIT_SUSTAINED_ACTIVITY,
anchor_B,06:57,07:02,5.0,exit_sustained_rolling_motion,EXIT_SUSTAINED_ACTIVITY,
anchor_B,07:07,07:12,5.0,exit_missing_motion,MISSING_MOTION,
