id,group,movements,noise,renew_noise,hold_min,peak_reset,composite_peak,entry_window,entry_percentile,min_bout,exit_percentile,exit_windows,exit_events,deep_min,deep_bouts,stageable_min,fallback_min,first_half_deep_min,safety_cap_min,short_run_filtered_min,deep_percent,bouts_per_hour,median_bout_minutes,longest_bout_minutes,first_deep_elapsed_percent,first_half_share_of_deep,deep_intervals
baseline,baseline,3,3.0,-1.0,45,1.5,false,15,50,10,70,3,8,31.0,1,61,281.0,0.0,0,0,9.064327485380117,0.17543859649122806,31.0,31.0,54.242558479532164,0.0,04:36-05:07
movements2,single,2,3.0,-1.0,45,1.5,false,15,50,10,70,3,8,39.0,1,149,197.0,0.0,0,4,11.403508771929824,0.17543859649122806,39.0,39.0,51.90337719298246,0.0,04:28-05:07
noise2.5,single,3,2.5,-1.0,45,1.5,false,15,50,10,70,3,8,59.0,2,121,230.0,13.0,0,9,17.251461988304094,0.3508771929824561,29.5,46.0,34.65191520467836,0.22033898305084745,03:29-03:42; 04:37-05:23
noise2.0,single,3,2.0,-1.0,45,1.5,false,15,50,10,70,3,8,59.0,2,121,230.0,13.0,0,9,17.251461988304094,0.3508771929824561,29.5,46.0,34.65191520467836,0.22033898305084745,03:29-03:42; 04:37-05:23
renew2.5,single,3,3.0,2.5,45,1.5,false,15,50,10,70,3,8,46.0,1,78,264.0,0.0,0,0,13.450292397660817,0.17543859649122806,46.0,46.0,54.53495614035088,0.0,04:37-05:23
renew2.0,single,3,3.0,2.0,45,1.5,false,15,50,10,70,3,8,46.0,1,78,264.0,0.0,0,0,13.450292397660817,0.17543859649122806,46.0,46.0,54.53495614035088,0.0,04:37-05:23
hold60,single,3,3.0,-1.0,60,1.5,false,15,50,10,70,3,8,46.0,1,78,264.0,0.0,0,0,13.450292397660817,0.17543859649122806,46.0,46.0,54.53495614035088,0.0,04:37-05:23
hold90,single,3,3.0,-1.0,90,1.5,false,15,50,10,70,3,8,46.0,1,78,264.0,0.0,0,0,13.450292397660817,0.17543859649122806,46.0,46.0,54.53495614035088,0.0,04:37-05:23
peak2.5,single,3,3.0,-1.0,45,2.5,false,15,50,10,70,3,8,54.0,2,151,202.0,0.0,0,11,15.789473684210526,0.3508771929824561,27.0,39.0,51.90337719298246,0.0,04:28-05:07; 06:26-06:41
peak3.0,single,3,3.0,-1.0,45,3.0,false,15,50,10,70,3,8,116.0,3,198,144.0,4.49045,0,0,33.91812865497076,0.5263157894736842,23.0,76.0,48.68700292397661,0.03871077586206897,04:17-05:33; 05:37-05:54; 06:18-06:41
composite_peak,single,3,3.0,-1.0,45,1.5,true,15,50,10,70,3,8,70.0,2,152,190.0,0.0,0,0,20.46783625730994,0.3508771929824561,35.0,56.0,51.90337719298246,0.0,04:28-05:24; 06:27-06:41
entry12,single,3,3.0,-1.0,45,1.5,false,12,50,10,70,3,8,32.0,1,61,281.0,0.0,0,0,9.35672514619883,0.17543859649122806,32.0,32.0,53.95016081871346,0.0,04:35-05:07
entry10,single,3,3.0,-1.0,45,1.5,false,10,50,10,70,3,8,33.0,1,61,281.0,0.0,0,0,9.649122807017543,0.17543859649122806,33.0,33.0,53.657763157894735,0.0,04:34-05:07
entryP65,single,3,3.0,-1.0,45,1.5,false,15,65,10,70,3,8,38.0,1,61,281.0,0.0,0,0,11.11111111111111,0.17543859649122806,38.0,38.0,52.19577485380117,0.0,04:29-05:07
entryP70,single,3,3.0,-1.0,45,1.5,false,15,70,10,70,3,8,39.0,1,61,281.0,0.0,0,0,11.403508771929824,0.17543859649122806,39.0,39.0,51.90337719298246,0.0,04:28-05:07
bout5,single,3,3.0,-1.0,45,1.5,false,15,50,5,70,3,8,31.0,1,61,281.0,0.0,0,0,9.064327485380117,0.17543859649122806,31.0,31.0,54.242558479532164,0.0,04:36-05:07
bout2,single,3,3.0,-1.0,45,1.5,false,15,50,2,70,3,8,31.0,1,61,281.0,0.0,0,0,9.064327485380117,0.17543859649122806,31.0,31.0,54.242558479532164,0.0,04:36-05:07
exitP65,single,3,3.0,-1.0,45,1.5,false,15,50,10,65,3,8,23.0,1,61,288.0,0.0,0,7,6.725146198830409,0.17543859649122806,23.0,23.0,56.581739766081874,0.0,04:44-05:07
exitP50,single,3,3.0,-1.0,45,1.5,false,15,50,10,50,3,8,23.0,1,61,288.0,0.0,0,7,6.725146198830409,0.17543859649122806,23.0,23.0,56.581739766081874,0.0,04:44-05:07
exitWindows2,single,3,3.0,-1.0,45,1.5,false,15,50,10,70,2,8,31.0,1,61,281.0,0.0,0,0,9.064327485380117,0.17543859649122806,31.0,31.0,54.242558479532164,0.0,04:36-05:07
exitWindows1,single,3,3.0,-1.0,45,1.5,false,15,50,10,70,1,8,31.0,1,61,281.0,0.0,0,0,9.064327485380117,0.17543859649122806,31.0,31.0,54.242558479532164,0.0,04:36-05:07
exitEvents6,single,3,3.0,-1.0,45,1.5,false,15,50,10,70,3,6,31.0,1,61,281.0,0.0,0,0,9.064327485380117,0.17543859649122806,31.0,31.0,54.242558479532164,0.0,04:36-05:07
exitEvents4,single,3,3.0,-1.0,45,1.5,false,15,50,10,70,3,4,31.0,1,61,281.0,0.0,0,0,9.064327485380117,0.17543859649122806,31.0,31.0,54.242558479532164,0.0,04:36-05:07
grid_n3_noise3.0_peak1.5_h45_w15_p50_x70,grid,3,3.0,-1.0,45,1.5,false,15,50,10,70,3,8,31.0,1,61,281.0,0.0,0,0,9.064327485380117,0.17543859649122806,31.0,31.0,54.242558479532164,0.0,04:36-05:07
grid_n3_noise3.0_peak1.5_h45_w15_p50_x65,grid,3,3.0,-1.0,45,1.5,false,15,50,10,65,3,8,23.0,1,61,288.0,0.0,0,7,6.725146198830409,0.17543859649122806,23.0,23.0,56.581739766081874,0.0,04:44-05:07
grid_n3_noise3.0_peak1.5_h45_w15_p65_x70,grid,3,3.0,-1.0,45,1.5,false,15,65,10,70,3,8,38.0,1,61,281.0,0.0,0,0,11.11111111111111,0.17543859649122806,38.0,38.0,52.19577485380117,0.0,04:29-05:07
grid_n3_noise3.0_peak1.5_h45_w15_p65_x65,grid,3,3.0,-1.0,45,1.5,false,15,65,10,65,3,8,37.0,2,61,281.0,0.0,0,0,10.818713450292398,0.3508771929824561,18.5,23.0,52.19577485380117,0.0,04:29-04:43; 04:44-05:07
grid_n3_noise3.0_peak1.5_h45_w10_p50_x70,grid,3,3.0,-1.0,45,1.5,false,10,50,10,70,3,8,33.0,1,61,281.0,0.0,0,0,9.649122807017543,0.17543859649122806,33.0,33.0,53.657763157894735,0.0,04:34-05:07
grid_n3_noise3.0_peak1.5_h45_w10_p50_x65,grid,3,3.0,-1.0,45,1.5,false,10,50,10,65,3,8,23.0,1,61,290.0,0.0,0,9,6.725146198830409,0.17543859649122806,23.0,23.0,56.581739766081874,0.0,04:44-05:07
grid_n3_noise3.0_peak1.5_h45_w10_p65_x70,grid,3,3.0,-1.0,45,1.5,false,10,65,10,70,3,8,37.0,1,61,281.0,0.0,0,0,10.818713450292398,0.17543859649122806,37.0,37.0,52.488172514619876,0.0,04:30-05:07
grid_n3_noise3.0_peak1.5_h45_w10_p65_x65,grid,3,3.0,-1.0,45,1.5,false,10,65,10,65,3,8,36.0,2,61,281.0,0.0,0,0,10.526315789473683,0.3508771929824561,18.0,23.0,52.488172514619876,0.0,04:30-04:43; 04:44-05:07
grid_n3_noise3.0_peak1.5_h60_w15_p50_x70,grid,3,3.0,-1.0,60,1.5,false,15,50,10,70,3,8,46.0,1,78,264.0,0.0,0,0,13.450292397660817,0.17543859649122806,46.0,46.0,54.53495614035088,0.0,04:37-05:23
grid_n3_noise3.0_peak1.5_h60_w15_p50_x65,grid,3,3.0,-1.0,60,1.5,false,15,50,10,65,3,8,39.0,1,78,270.0,0.0,0,6,11.403508771929824,0.17543859649122806,39.0,39.0,56.581739766081874,0.0,04:44-05:23
grid_n3_noise3.0_peak1.5_h60_w15_p65_x70,grid,3,3.0,-1.0,60,1.5,false,15,65,10,70,3,8,54.0,1,78,264.0,0.0,0,0,15.789473684210526,0.17543859649122806,54.0,54.0,52.19577485380117,0.0,04:29-05:23
grid_n3_noise3.0_peak1.5_h60_w15_p65_x65,grid,3,3.0,-1.0,60,1.5,false,15,65,10,65,3,8,53.0,2,78,264.0,0.0,0,0,15.497076023391813,0.3508771929824561,26.5,39.0,52.19577485380117,0.0,04:29-04:43; 04:44-05:23
grid_n3_noise3.0_peak1.5_h60_w10_p50_x70,grid,3,3.0,-1.0,60,1.5,false,10,50,10,70,3,8,49.0,1,78,264.0,0.0,0,0,14.327485380116958,0.17543859649122806,49.0,49.0,53.657763157894735,0.0,04:34-05:23
grid_n3_noise3.0_peak1.5_h60_w10_p50_x65,grid,3,3.0,-1.0,60,1.5,false,10,50,10,65,3,8,39.0,1,78,273.0,0.0,0,9,11.403508771929824,0.17543859649122806,39.0,39.0,56.581739766081874,0.0,04:44-05:23
grid_n3_noise3.0_peak1.5_h60_w10_p65_x70,grid,3,3.0,-1.0,60,1.5,false,10,65,10,70,3,8,53.0,1,78,264.0,0.0,0,0,15.497076023391813,0.17543859649122806,53.0,53.0,52.488172514619876,0.0,04:30-05:23
grid_n3_noise3.0_peak1.5_h60_w10_p65_x65,grid,3,3.0,-1.0,60,1.5,false,10,65,10,65,3,8,52.0,2,78,264.0,0.0,0,0,15.204678362573098,0.3508771929824561,26.0,39.0,52.488172514619876,0.0,04:30-04:43; 04:44-05:23
grid_n3_noise3.0_peak3.0_h45_w15_p50_x70,grid,3,3.0,-1.0,45,3.0,false,15,50,10,70,3,8,116.0,3,198,144.0,4.49045,0,0,33.91812865497076,0.5263157894736842,23.0,76.0,48.68700292397661,0.03871077586206897,04:17-05:33; 05:37-05:54; 06:18-06:41
grid_n3_noise3.0_peak3.0_h45_w15_p50_x65,grid,3,3.0,-1.0,45,3.0,false,15,50,10,65,3,8,81.0,2,198,168.0,0.0,0,24,23.684210526315788,0.3508771929824561,40.5,65.0,51.90337719298246,0.0,04:28-05:33; 06:25-06:41
grid_n3_noise3.0_peak3.0_h45_w15_p65_x70,grid,3,3.0,-1.0,45,3.0,false,15,65,10,70,3,8,137.0,4,198,154.0,4.49045,0,10,40.058479532163744,0.7017543859649122,21.5,76.0,48.68700292397661,0.03277700729927007,04:17-05:33; 05:36-05:54; 06:18-06:41; 06:52-07:12
grid_n3_noise3.0_peak3.0_h45_w15_p65_x65,grid,3,3.0,-1.0,45,3.0,false,15,65,10,65,3,8,104.0,3,198,179.0,0.0,0,35,30.409356725146196,0.5263157894736842,20.0,68.0,51.02618421052632,0.0,04:25-05:33; 06:25-06:41; 06:52-07:12
grid_n3_noise3.0_peak3.0_h45_w10_p50_x70,grid,3,3.0,-1.0,45,3.0,false,10,50,10,70,3,8,100.0,3,198,152.0,0.0,0,8,29.239766081871345,0.5263157894736842,25.0,63.0,52.488172514619876,0.0,04:30-05:33; 05:42-05:54; 06:16-06:41
grid_n3_noise3.0_peak3.0_h45_w10_p50_x65,grid,3,3.0,-1.0,45,3.0,false,10,50,10,65,3,8,63.0,1,198,177.0,0.0,0,33,18.421052631578945,0.17543859649122806,63.0,63.0,52.488172514619876,0.0,04:30-05:33
grid_n3_noise3.0_peak3.0_h45_w10_p65_x70,grid,3,3.0,-1.0,45,3.0,false,10,65,10,70,3,8,141.0,4,198,159.0,4.49045,0,15,41.228070175438596,0.7017543859649122,23.5,76.0,48.68700292397661,0.03184716312056737,04:17-05:33; 05:36-05:54; 06:15-06:41; 06:51-07:12
grid_n3_noise3.0_peak3.0_h45_w10_p65_x65,grid,3,3.0,-1.0,45,3.0,false,10,65,10,65,3,8,105.0,3,198,188.0,0.0,0,44,30.701754385964914,0.5263157894736842,21.0,68.0,51.02618421052632,0.0,04:25-05:33; 06:25-06:41; 06:51-07:12
grid_n3_noise3.0_peak3.0_h60_w15_p50_x70,grid,3,3.0,-1.0,60,3.0,false,15,50,10,70,3,8,116.0,3,198,144.0,4.49045,0,0,33.91812865497076,0.5263157894736842,23.0,76.0,48.68700292397661,0.03871077586206897,04:17-05:33; 05:37-05:54; 06:18-06:41
grid_n3_noise3.0_peak3.0_h60_w15_p50_x65,grid,3,3.0,-1.0,60,3.0,false,15,50,10,65,3,8,81.0,2,198,168.0,0.0,0,24,23.684210526315788,0.3508771929824561,40.5,65.0,51.90337719298246,0.0,04:28-05:33; 06:25-06:41
grid_n3_noise3.0_peak3.0_h60_w15_p65_x70,grid,3,3.0,-1.0,60,3.0,false,15,65,10,70,3,8,137.0,4,198,154.0,4.49045,0,10,40.058479532163744,0.7017543859649122,21.5,76.0,48.68700292397661,0.03277700729927007,04:17-05:33; 05:36-05:54; 06:18-06:41; 06:52-07:12
grid_n3_noise3.0_peak3.0_h60_w15_p65_x65,grid,3,3.0,-1.0,60,3.0,false,15,65,10,65,3,8,104.0,3,198,179.0,0.0,0,35,30.409356725146196,0.5263157894736842,20.0,68.0,51.02618421052632,0.0,04:25-05:33; 06:25-06:41; 06:52-07:12
grid_n3_noise3.0_peak3.0_h60_w10_p50_x70,grid,3,3.0,-1.0,60,3.0,false,10,50,10,70,3,8,100.0,3,198,152.0,0.0,0,8,29.239766081871345,0.5263157894736842,25.0,63.0,52.488172514619876,0.0,04:30-05:33; 05:42-05:54; 06:16-06:41
grid_n3_noise3.0_peak3.0_h60_w10_p50_x65,grid,3,3.0,-1.0,60,3.0,false,10,50,10,65,3,8,63.0,1,198,177.0,0.0,0,33,18.421052631578945,0.17543859649122806,63.0,63.0,52.488172514619876,0.0,04:30-05:33
grid_n3_noise3.0_peak3.0_h60_w10_p65_x70,grid,3,3.0,-1.0,60,3.0,false,10,65,10,70,3,8,141.0,4,198,159.0,4.49045,0,15,41.228070175438596,0.7017543859649122,23.5,76.0,48.68700292397661,0.03184716312056737,04:17-05:33; 05:36-05:54; 06:15-06:41; 06:51-07:12
grid_n3_noise3.0_peak3.0_h60_w10_p65_x65,grid,3,3.0,-1.0,60,3.0,false,10,65,10,65,3,8,105.0,3,198,188.0,0.0,0,44,30.701754385964914,0.5263157894736842,21.0,68.0,51.02618421052632,0.0,04:25-05:33; 06:25-06:41; 06:51-07:12
grid_n3_noise2.5_peak1.5_h45_w15_p50_x70,grid,3,2.5,-1.0,45,1.5,false,15,50,10,70,3,8,59.0,2,121,230.0,13.0,0,9,17.251461988304094,0.3508771929824561,29.5,46.0,34.65191520467836,0.22033898305084745,03:29-03:42; 04:37-05:23
grid_n3_noise2.5_peak1.5_h45_w15_p50_x65,grid,3,2.5,-1.0,45,1.5,false,15,50,10,65,3,8,59.0,2,121,230.0,13.0,0,9,17.251461988304094,0.3508771929824561,29.5,46.0,34.65191520467836,0.22033898305084745,03:29-03:42; 04:37-05:23
grid_n3_noise2.5_peak1.5_h45_w15_p65_x70,grid,3,2.5,-1.0,45,1.5,false,15,65,10,70,3,8,69.0,2,121,230.0,14.0,0,9,20.175438596491226,0.3508771929824561,34.5,55.0,34.359517543859646,0.2028985507246377,03:28-03:42; 04:28-05:23
grid_n3_noise2.5_peak1.5_h45_w15_p65_x65,grid,3,2.5,-1.0,45,1.5,false,15,65,10,65,3,8,69.0,2,121,230.0,14.0,0,9,20.175438596491226,0.3508771929824561,34.5,55.0,34.359517543859646,0.2028985507246377,03:28-03:42; 04:28-05:23
grid_n3_noise2.5_peak1.5_h45_w10_p50_x70,grid,3,2.5,-1.0,45,1.5,false,10,50,10,70,3,8,64.0,2,121,228.0,15.0,0,7,18.71345029239766,0.3508771929824561,32.0,49.0,34.06711988304094,0.234375,03:27-03:42; 04:34-05:23
grid_n3_noise2.5_peak1.5_h45_w10_p50_x65,grid,3,2.5,-1.0,45,1.5,false,10,50,10,65,3,8,64.0,2,121,228.0,15.0,0,7,18.71345029239766,0.3508771929824561,32.0,49.0,34.06711988304094,0.234375,03:27-03:42; 04:34-05:23
grid_n3_noise2.5_peak1.5_h45_w10_p65_x70,grid,3,2.5,-1.0,45,1.5,false,10,65,10,70,3,8,71.0,2,121,228.0,18.0,0,7,20.760233918128655,0.3508771929824561,35.5,53.0,33.189926900584794,0.2535211267605634,03:24-03:42; 04:30-05:23
grid_n3_noise2.5_peak1.5_h45_w10_p65_x65,grid,3,2.5,-1.0,45,1.5,false,10,65,10,65,3,8,71.0,2,121,228.0,18.0,0,7,20.760233918128655,0.3508771929824561,35.5,53.0,33.189926900584794,0.2535211267605634,03:24-03:42; 04:30-05:23
grid_n3_noise2.5_peak1.5_h60_w15_p50_x70,grid,3,2.5,-1.0,60,1.5,false,15,50,10,70,3,8,59.0,2,121,230.0,13.0,0,9,17.251461988304094,0.3508771929824561,29.5,46.0,34.65191520467836,0.22033898305084745,03:29-03:42; 04:37-05:23
grid_n3_noise2.5_peak1.5_h60_w15_p50_x65,grid,3,2.5,-1.0,60,1.5,false,15,50,10,65,3,8,59.0,2,121,230.0,13.0,0,9,17.251461988304094,0.3508771929824561,29.5,46.0,34.65191520467836,0.22033898305084745,03:29-03:42; 04:37-05:23
grid_n3_noise2.5_peak1.5_h60_w15_p65_x70,grid,3,2.5,-1.0,60,1.5,false,15,65,10,70,3,8,69.0,2,121,230.0,14.0,0,9,20.175438596491226,0.3508771929824561,34.5,55.0,34.359517543859646,0.2028985507246377,03:28-03:42; 04:28-05:23
grid_n3_noise2.5_peak1.5_h60_w15_p65_x65,grid,3,2.5,-1.0,60,1.5,false,15,65,10,65,3,8,69.0,2,121,230.0,14.0,0,9,20.175438596491226,0.3508771929824561,34.5,55.0,34.359517543859646,0.2028985507246377,03:28-03:42; 04:28-05:23
grid_n3_noise2.5_peak1.5_h60_w10_p50_x70,grid,3,2.5,-1.0,60,1.5,false,10,50,10,70,3,8,64.0,2,121,228.0,15.0,0,7,18.71345029239766,0.3508771929824561,32.0,49.0,34.06711988304094,0.234375,03:27-03:42; 04:34-05:23
grid_n3_noise2.5_peak1.5_h60_w10_p50_x65,grid,3,2.5,-1.0,60,1.5,false,10,50,10,65,3,8,64.0,2,121,228.0,15.0,0,7,18.71345029239766,0.3508771929824561,32.0,49.0,34.06711988304094,0.234375,03:27-03:42; 04:34-05:23
grid_n3_noise2.5_peak1.5_h60_w10_p65_x70,grid,3,2.5,-1.0,60,1.5,false,10,65,10,70,3,8,71.0,2,121,228.0,18.0,0,7,20.760233918128655,0.3508771929824561,35.5,53.0,33.189926900584794,0.2535211267605634,03:24-03:42; 04:30-05:23
grid_n3_noise2.5_peak1.5_h60_w10_p65_x65,grid,3,2.5,-1.0,60,1.5,false,10,65,10,65,3,8,71.0,2,121,228.0,18.0,0,7,20.760233918128655,0.3508771929824561,35.5,53.0,33.189926900584794,0.2535211267605634,03:24-03:42; 04:30-05:23
grid_n3_noise2.5_peak3.0_h45_w15_p50_x70,grid,3,2.5,-1.0,45,3.0,false,15,50,10,70,3,8,113.0,3,241,112.0,33.0,0,11,33.04093567251462,0.5263157894736842,33.0,65.0,33.48232456140351,0.2920353982300885,03:25-03:58; 04:28-05:33; 06:26-06:41
grid_n3_noise2.5_peak3.0_h45_w15_p50_x65,grid,3,2.5,-1.0,45,3.0,false,15,50,10,65,3,8,105.0,3,241,119.0,33.0,0,18,30.701754385964914,0.5263157894736842,33.0,57.0,33.48232456140351,0.3142857142857143,03:25-03:58; 04:28-05:25; 06:26-06:41
grid_n3_noise2.5_peak3.0_h45_w15_p65_x70,grid,3,2.5,-1.0,45,3.0,false,15,65,10,70,3,8,134.0,4,241,131.0,33.0,0,30,39.1812865497076,0.7017543859649122,25.5,68.0,33.48232456140351,0.2462686567164179,03:25-03:58; 04:25-05:33; 06:26-06:41; 06:54-07:12
grid_n3_noise2.5_peak3.0_h45_w15_p65_x65,grid,3,2.5,-1.0,45,3.0,false,15,65,10,65,3,8,126.0,4,241,138.0,33.0,0,37,36.84210526315789,0.7017543859649122,25.5,60.0,33.48232456140351,0.2619047619047619,03:25-03:58; 04:25-05:25; 06:26-06:41; 06:54-07:12
grid_n3_noise2.5_peak3.0_h45_w10_p50_x70,grid,3,2.5,-1.0,45,3.0,false,10,50,10,70,3,8,98.0,2,241,124.0,35.0,0,23,28.654970760233915,0.3508771929824561,49.0,63.0,32.89752923976608,0.35714285714285715,03:23-03:58; 04:30-05:33
grid_n3_noise2.5_peak3.0_h45_w10_p50_x65,grid,3,2.5,-1.0,45,3.0,false,10,50,10,65,3,8,90.0,2,241,124.0,35.0,0,23,26.31578947368421,0.3508771929824561,45.0,55.0,32.89752923976608,0.3888888888888889,03:23-03:58; 04:30-05:25
grid_n3_noise2.5_peak3.0_h45_w10_p65_x70,grid,3,2.5,-1.0,45,3.0,false,10,65,10,70,3,8,135.0,4,241,145.0,38.0,0,44,39.473684210526315,0.7017543859649122,26.5,68.0,32.02033625730994,0.2814814814814815,03:20-03:58; 04:25-05:33; 06:26-06:41; 06:58-07:12
grid_n3_noise2.5_peak3.0_h45_w10_p65_x65,grid,3,2.5,-1.0,45,3.0,false,10,65,10,65,3,8,127.0,4,241,150.0,38.0,0,49,37.13450292397661,0.7017543859649122,26.5,60.0,32.02033625730994,0.2992125984251969,03:20-03:58; 04:25-05:25; 06:26-06:41; 06:58-07:12
grid_n3_noise2.5_peak3.0_h60_w15_p50_x70,grid,3,2.5,-1.0,60,3.0,false,15,50,10,70,3,8,113.0,3,241,112.0,33.0,0,11,33.04093567251462,0.5263157894736842,33.0,65.0,33.48232456140351,0.2920353982300885,03:25-03:58; 04:28-05:33; 06:26-06:41
grid_n3_noise2.5_peak3.0_h60_w15_p50_x65,grid,3,2.5,-1.0,60,3.0,false,15,50,10,65,3,8,105.0,3,241,119.0,33.0,0,18,30.701754385964914,0.5263157894736842,33.0,57.0,33.48232456140351,0.3142857142857143,03:25-03:58; 04:28-05:25; 06:26-06:41
grid_n3_noise2.5_peak3.0_h60_w15_p65_x70,grid,3,2.5,-1.0,60,3.0,false,15,65,10,70,3,8,134.0,4,241,131.0,33.0,0,30,39.1812865497076,0.7017543859649122,25.5,68.0,33.48232456140351,0.2462686567164179,03:25-03:58; 04:25-05:33; 06:26-06:41; 06:54-07:12
grid_n3_noise2.5_peak3.0_h60_w15_p65_x65,grid,3,2.5,-1.0,60,3.0,false,15,65,10,65,3,8,126.0,4,241,138.0,33.0,0,37,36.84210526315789,0.7017543859649122,25.5,60.0,33.48232456140351,0.2619047619047619,03:25-03:58; 04:25-05:25; 06:26-06:41; 06:54-07:12
grid_n3_noise2.5_peak3.0_h60_w10_p50_x70,grid,3,2.5,-1.0,60,3.0,false,10,50,10,70,3,8,98.0,2,241,124.0,35.0,0,23,28.654970760233915,0.3508771929824561,49.0,63.0,32.89752923976608,0.35714285714285715,03:23-03:58; 04:30-05:33
grid_n3_noise2.5_peak3.0_h60_w10_p50_x65,grid,3,2.5,-1.0,60,3.0,false,10,50,10,65,3,8,90.0,2,241,124.0,35.0,0,23,26.31578947368421,0.3508771929824561,45.0,55.0,32.89752923976608,0.3888888888888889,03:23-03:58; 04:30-05:25
grid_n3_noise2.5_peak3.0_h60_w10_p65_x70,grid,3,2.5,-1.0,60,3.0,false,10,65,10,70,3,8,135.0,4,241,145.0,38.0,0,44,39.473684210526315,0.7017543859649122,26.5,68.0,32.02033625730994,0.2814814814814815,03:20-03:58; 04:25-05:33; 06:26-06:41; 06:58-07:12
grid_n3_noise2.5_peak3.0_h60_w10_p65_x65,grid,3,2.5,-1.0,60,3.0,false,10,65,10,65,3,8,127.0,4,241,150.0,38.0,0,49,37.13450292397661,0.7017543859649122,26.5,60.0,32.02033625730994,0.2992125984251969,03:20-03:58; 04:25-05:25; 06:26-06:41; 06:58-07:12
grid_n2_noise3.0_peak1.5_h45_w15_p50_x70,grid,2,3.0,-1.0,45,1.5,false,15,50,10,70,3,8,39.0,1,149,197.0,0.0,0,4,11.403508771929824,0.17543859649122806,39.0,39.0,51.90337719298246,0.0,04:28-05:07
grid_n2_noise3.0_peak1.5_h45_w15_p50_x65,grid,2,3.0,-1.0,45,1.5,false,15,50,10,65,3,8,39.0,1,149,197.0,0.0,0,4,11.403508771929824,0.17543859649122806,39.0,39.0,51.90337719298246,0.0,04:28-05:07
grid_n2_noise3.0_peak1.5_h45_w15_p65_x70,grid,2,3.0,-1.0,45,1.5,false,15,65,10,70,3,8,88.0,4,149,193.0,30.0,0,0,25.730994152046783,0.7017543859649122,18.5,39.0,21.201622807017547,0.3409090909090909,02:43-03:01; 03:03-03:15; 04:28-05:07; 06:53-07:12
grid_n2_noise3.0_peak1.5_h45_w15_p65_x65,grid,2,3.0,-1.0,45,1.5,false,15,65,10,65,3,8,76.0,3,149,196.0,18.0,0,3,22.22222222222222,0.5263157894736842,19.0,39.0,21.201622807017547,0.23684210526315788,02:43-03:01; 04:28-05:07; 06:53-07:12
grid_n2_noise3.0_peak1.5_h45_w10_p50_x70,grid,2,3.0,-1.0,45,1.5,false,10,50,10,70,3,8,42.0,1,149,199.0,0.0,0,6,12.280701754385964,0.17543859649122806,42.0,42.0,51.02618421052632,0.0,04:25-05:07
grid_n2_noise3.0_peak1.5_h45_w10_p50_x65,grid,2,3.0,-1.0,45,1.5,false,10,50,10,65,3,8,42.0,1,149,199.0,0.0,0,6,12.280701754385964,0.17543859649122806,42.0,42.0,51.02618421052632,0.0,04:25-05:07
grid_n2_noise3.0_peak1.5_h45_w10_p65_x70,grid,2,3.0,-1.0,45,1.5,false,10,65,10,70,3,8,72.0,3,149,198.0,15.0,0,5,21.052631578947366,0.5263157894736842,15.0,42.0,22.078815789473687,0.20833333333333334,02:46-03:01; 04:25-05:07; 06:57-07:12
grid_n2_noise3.0_peak1.5_h45_w10_p65_x65,grid,2,3.0,-1.0,45,1.5,false,10,65,10,65,3,8,72.0,3,149,198.0,15.0,0,5,21.052631578947366,0.5263157894736842,15.0,42.0,22.078815789473687,0.20833333333333334,02:46-03:01; 04:25-05:07; 06:57-07:12
grid_n2_noise3.0_peak1.5_h60_w15_p50_x70,grid,2,3.0,-1.0,60,1.5,false,15,50,10,70,3,8,56.0,1,181,170.0,0.0,0,9,16.374269005847953,0.17543859649122806,56.0,56.0,51.90337719298246,0.0,04:28-05:24
grid_n2_noise3.0_peak1.5_h60_w15_p50_x65,grid,2,3.0,-1.0,60,1.5,false,15,50,10,65,3,8,56.0,1,181,170.0,0.0,0,9,16.374269005847953,0.17543859649122806,56.0,56.0,51.90337719298246,0.0,04:28-05:24
grid_n2_noise3.0_peak1.5_h60_w15_p65_x70,grid,2,3.0,-1.0,60,1.5,false,15,65,10,70,3,8,100.0,4,181,161.0,25.0,0,0,29.239766081871345,0.7017543859649122,17.0,56.0,23.540804093567253,0.25,02:51-03:01; 03:15-03:30; 04:28-05:24; 06:53-07:12
grid_n2_noise3.0_peak1.5_h60_w15_p65_x65,grid,2,3.0,-1.0,60,1.5,false,15,65,10,65,3,8,100.0,4,181,161.0,25.0,0,0,29.239766081871345,0.7017543859649122,17.0,56.0,23.540804093567253,0.25,02:51-03:01; 03:15-03:30; 04:28-05:24; 06:53-07:12
grid_n2_noise3.0_peak1.5_h60_w10_p50_x70,grid,2,3.0,-1.0,60,1.5,false,10,50,10,70,3,8,59.0,1,181,172.0,0.0,0,11,17.251461988304094,0.17543859649122806,59.0,59.0,51.02618421052632,0.0,04:25-05:24
grid_n2_noise3.0_peak1.5_h60_w10_p50_x65,grid,2,3.0,-1.0,60,1.5,false,10,50,10,65,3,8,59.0,1,181,172.0,0.0,0,11,17.251461988304094,0.17543859649122806,59.0,59.0,51.02618421052632,0.0,04:25-05:24
grid_n2_noise3.0_peak1.5_h60_w10_p65_x70,grid,2,3.0,-1.0,60,1.5,false,10,65,10,70,3,8,104.0,4,181,161.0,30.0,0,0,30.409356725146196,0.7017543859649122,15.5,59.0,22.371213450292398,0.28846153846153844,02:47-03:01; 03:14-03:30; 04:25-05:24; 06:57-07:12
grid_n2_noise3.0_peak1.5_h60_w10_p65_x65,grid,2,3.0,-1.0,60,1.5,false,10,65,10,65,3,8,104.0,4,181,161.0,30.0,0,0,30.409356725146196,0.7017543859649122,15.5,59.0,22.371213450292398,0.28846153846153844,02:47-03:01; 03:14-03:30; 04:25-05:24; 06:57-07:12
grid_n2_noise3.0_peak3.0_h45_w15_p50_x70,grid,2,3.0,-1.0,45,3.0,false,15,50,10,70,3,8,95.0,3,244,121.0,0.0,0,23,27.77777777777778,0.5263157894736842,15.0,66.0,51.610979532163746,0.0,04:27-05:33; 05:37-05:51; 06:26-06:41
grid_n2_noise3.0_peak3.0_h45_w15_p50_x65,grid,2,3.0,-1.0,45,3.0,false,15,50,10,65,3,8,81.0,2,244,132.0,0.0,0,34,23.684210526315788,0.3508771929824561,40.5,66.0,51.610979532163746,0.0,04:27-05:33; 06:26-06:41
grid_n2_noise3.0_peak3.0_h45_w15_p65_x70,grid,2,3.0,-1.0,45,3.0,false,15,65,10,70,3,8,149.0,5,244,121.0,32.0,0,23,43.567251461988306,0.8771929824561403,19.0,68.0,21.201622807017547,0.21476510067114093,02:43-03:15; 04:25-05:33; 05:36-05:51; 06:26-06:41; 06:53-07:12
grid_n2_noise3.0_peak3.0_h45_w15_p65_x65,grid,2,3.0,-1.0,45,3.0,false,15,65,10,65,3,8,133.0,5,244,133.0,31.0,0,35,38.88888888888889,0.8771929824561403,18.0,68.0,21.201622807017547,0.23308270676691728,02:43-03:01; 03:02-03:15; 04:25-05:33; 06:26-06:41; 06:53-07:12
grid_n2_noise3.0_peak3.0_h45_w10_p50_x70,grid,2,3.0,-1.0,45,3.0,false,10,50,10,70,3,8,98.0,3,244,128.0,0.0,0,30,28.654970760233915,0.5263157894736842,15.0,68.0,51.02618421052632,0.0,04:25-05:33; 05:36-05:51; 06:26-06:41
grid_n2_noise3.0_peak3.0_h45_w10_p50_x65,grid,2,3.0,-1.0,45,3.0,false,10,50,10,65,3,8,83.0,2,244,141.0,0.0,0,43,24.269005847953213,0.3508771929824561,41.5,68.0,51.02618421052632,0.0,04:25-05:33; 06:26-06:41
grid_n2_noise3.0_peak3.0_h45_w10_p65_x70,grid,2,3.0,-1.0,45,3.0,false,10,65,10,70,3,8,155.0,5,244,129.0,36.0,0,31,45.32163742690059,0.8771929824561403,21.0,68.0,20.03203216374269,0.23225806451612904,02:39-03:15; 04:25-05:33; 05:36-05:51; 06:26-06:41; 06:51-07:12
grid_n2_noise3.0_peak3.0_h45_w10_p65_x65,grid,2,3.0,-1.0,45,3.0,false,10,65,10,65,3,8,139.0,5,244,142.0,35.0,0,44,40.643274853801174,0.8771929824561403,21.0,68.0,20.03203216374269,0.2517985611510791,02:39-03:01; 03:02-03:15; 04:25-05:33; 06:26-06:41; 06:51-07:12
grid_n2_noise3.0_peak3.0_h60_w15_p50_x70,grid,2,3.0,-1.0,60,3.0,false,15,50,10,70,3,8,81.0,2,259,116.0,0.0,0,33,23.684210526315788,0.3508771929824561,40.5,66.0,51.610979532163746,0.0,04:27-05:33; 06:26-06:41
grid_n2_noise3.0_peak3.0_h60_w15_p50_x65,grid,2,3.0,-1.0,60,3.0,false,15,50,10,65,3,8,81.0,2,259,116.0,0.0,0,33,23.684210526315788,0.3508771929824561,40.5,66.0,51.610979532163746,0.0,04:27-05:33; 06:26-06:41
grid_n2_noise3.0_peak3.0_h60_w15_p65_x70,grid,2,3.0,-1.0,60,3.0,false,15,65,10,70,3,8,149.0,4,259,118.0,47.0,0,35,43.567251461988306,0.7017543859649122,33.0,68.0,21.201622807017547,0.31543624161073824,02:43-03:30; 04:25-05:33; 06:26-06:41; 06:53-07:12
grid_n2_noise3.0_peak3.0_h60_w15_p65_x65,grid,2,3.0,-1.0,60,3.0,false,15,65,10,65,3,8,144.0,5,259,121.0,42.0,0,38,42.10526315789473,0.8771929824561403,19.0,68.0,21.201622807017547,0.2916666666666667,02:43-03:01; 03:06-03:30; 04:25-05:33; 06:26-06:41; 06:53-07:12
grid_n2_noise3.0_peak3.0_h60_w10_p50_x70,grid,2,3.0,-1.0,60,3.0,false,10,50,10,70,3,8,83.0,2,259,128.0,0.0,0,45,24.269005847953213,0.3508771929824561,41.5,68.0,51.02618421052632,0.0,04:25-05:33; 06:26-06:41
grid_n2_noise3.0_peak3.0_h60_w10_p50_x65,grid,2,3.0,-1.0,60,3.0,false,10,50,10,65,3,8,83.0,2,259,128.0,0.0,0,45,24.269005847953213,0.3508771929824561,41.5,68.0,51.02618421052632,0.0,04:25-05:33; 06:26-06:41
grid_n2_noise3.0_peak3.0_h60_w10_p65_x70,grid,2,3.0,-1.0,60,3.0,false,10,65,10,70,3,8,143.0,4,259,127.0,45.0,0,44,41.812865497076025,0.7017543859649122,30.0,68.0,21.786418128654972,0.3146853146853147,02:45-03:30; 04:25-05:33; 06:26-06:41; 06:57-07:12
grid_n2_noise3.0_peak3.0_h60_w10_p65_x65,grid,2,3.0,-1.0,60,3.0,false,10,65,10,65,3,8,136.0,5,259,130.0,38.0,0,47,39.76608187134503,0.8771929824561403,16.0,68.0,21.786418128654972,0.27941176470588236,02:45-03:01; 03:08-03:30; 04:25-05:33; 06:26-06:41; 06:57-07:12
grid_n2_noise2.5_peak1.5_h45_w15_p50_x70,grid,2,2.5,-1.0,45,1.5,false,15,50,10,70,3,8,85.0,2,205,137.0,29.0,0,0,24.853801169590643,0.3508771929824561,42.5,56.0,33.48232456140351,0.3411764705882353,03:25-03:54; 04:28-05:24
grid_n2_noise2.5_peak1.5_h45_w15_p50_x65,grid,2,2.5,-1.0,45,1.5,false,15,50,10,65,3,8,85.0,2,205,137.0,29.0,0,0,24.853801169590643,0.3508771929824561,42.5,56.0,33.48232456140351,0.3411764705882353,03:25-03:54; 04:28-05:24
grid_n2_noise2.5_peak1.5_h45_w15_p65_x70,grid,2,2.5,-1.0,45,1.5,false,15,65,10,70,3,8,110.0,4,205,137.0,44.0,0,0,32.16374269005848,0.7017543859649122,22.0,56.0,23.540804093567253,0.4,02:51-03:01; 03:20-03:54; 04:28-05:24; 07:02-07:12
grid_n2_noise2.5_peak1.5_h45_w15_p65_x65,grid,2,2.5,-1.0,45,1.5,false,15,65,10,65,3,8,110.0,4,205,137.0,44.0,0,0,32.16374269005848,0.7017543859649122,22.0,56.0,23.540804093567253,0.4,02:51-03:01; 03:20-03:54; 04:28-05:24; 07:02-07:12
grid_n2_noise2.5_peak1.5_h45_w10_p50_x70,grid,2,2.5,-1.0,45,1.5,false,10,50,10,70,3,8,91.0,2,205,140.0,32.0,0,3,26.608187134502927,0.3508771929824561,45.5,59.0,32.605131578947365,0.3516483516483517,03:22-03:54; 04:25-05:24
grid_n2_noise2.5_peak1.5_h45_w10_p50_x65,grid,2,2.5,-1.0,45,1.5,false,10,50,10,65,3,8,91.0,2,205,140.0,32.0,0,3,26.608187134502927,0.3508771929824561,45.5,59.0,32.605131578947365,0.3516483516483517,03:22-03:54; 04:25-05:24
grid_n2_noise2.5_peak1.5_h45_w10_p65_x70,grid,2,2.5,-1.0,45,1.5,false,10,65,10,70,3,8,119.0,4,205,137.0,47.0,0,0,34.7953216374269,0.7017543859649122,23.5,59.0,22.663611111111113,0.3949579831932773,02:48-03:01; 03:20-03:54; 04:25-05:24; 06:59-07:12
grid_n2_noise2.5_peak1.5_h45_w10_p65_x65,grid,2,2.5,-1.0,45,1.5,false,10,65,10,65,3,8,119.0,4,205,137.0,47.0,0,0,34.7953216374269,0.7017543859649122,23.5,59.0,22.663611111111113,0.3949579831932773,02:48-03:01; 03:20-03:54; 04:25-05:24; 06:59-07:12
grid_n2_noise2.5_peak1.5_h60_w15_p50_x70,grid,2,2.5,-1.0,60,1.5,false,15,50,10,70,3,8,85.0,2,205,137.0,29.0,0,0,24.853801169590643,0.3508771929824561,42.5,56.0,33.48232456140351,0.3411764705882353,03:25-03:54; 04:28-05:24
grid_n2_noise2.5_peak1.5_h60_w15_p50_x65,grid,2,2.5,-1.0,60,1.5,false,15,50,10,65,3,8,85.0,2,205,137.0,29.0,0,0,24.853801169590643,0.3508771929824561,42.5,56.0,33.48232456140351,0.3411764705882353,03:25-03:54; 04:28-05:24
grid_n2_noise2.5_peak1.5_h60_w15_p65_x70,grid,2,2.5,-1.0,60,1.5,false,15,65,10,70,3,8,110.0,4,205,137.0,44.0,0,0,32.16374269005848,0.7017543859649122,22.0,56.0,23.540804093567253,0.4,02:51-03:01; 03:20-03:54; 04:28-05:24; 07:02-07:12
grid_n2_noise2.5_peak1.5_h60_w15_p65_x65,grid,2,2.5,-1.0,60,1.5,false,15,65,10,65,3,8,110.0,4,205,137.0,44.0,0,0,32.16374269005848,0.7017543859649122,22.0,56.0,23.540804093567253,0.4,02:51-03:01; 03:20-03:54; 04:28-05:24; 07:02-07:12
grid_n2_noise2.5_peak1.5_h60_w10_p50_x70,grid,2,2.5,-1.0,60,1.5,false,10,50,10,70,3,8,91.0,2,205,140.0,32.0,0,3,26.608187134502927,0.3508771929824561,45.5,59.0,32.605131578947365,0.3516483516483517,03:22-03:54; 04:25-05:24
grid_n2_noise2.5_peak1.5_h60_w10_p50_x65,grid,2,2.5,-1.0,60,1.5,false,10,50,10,65,3,8,91.0,2,205,140.0,32.0,0,3,26.608187134502927,0.3508771929824561,45.5,59.0,32.605131578947365,0.3516483516483517,03:22-03:54; 04:25-05:24
grid_n2_noise2.5_peak1.5_h60_w10_p65_x70,grid,2,2.5,-1.0,60,1.5,false,10,65,10,70,3,8,119.0,4,205,137.0,47.0,0,0,34.7953216374269,0.7017543859649122,23.5,59.0,22.663611111111113,0.3949579831932773,02:48-03:01; 03:20-03:54; 04:25-05:24; 06:59-07:12
grid_n2_noise2.5_peak1.5_h60_w10_p65_x65,grid,2,2.5,-1.0,60,1.5,false,10,65,10,65,3,8,119.0,4,205,137.0,47.0,0,0,34.7953216374269,0.7017543859649122,23.5,59.0,22.663611111111113,0.3949579831932773,02:48-03:01; 03:20-03:54; 04:25-05:24; 06:59-07:12
grid_n2_noise2.5_peak3.0_h45_w15_p50_x70,grid,2,2.5,-1.0,45,3.0,false,15,50,10,70,3,8,113.0,3,283,84.0,33.0,0,25,33.04093567251462,0.5263157894736842,33.0,66.0,33.48232456140351,0.2920353982300885,03:25-03:58; 04:27-05:33; 06:27-06:41
grid_n2_noise2.5_peak3.0_h45_w15_p50_x65,grid,2,2.5,-1.0,45,3.0,false,15,50,10,65,3,8,113.0,3,283,84.0,33.0,0,25,33.04093567251462,0.5263157894736842,33.0,66.0,33.48232456140351,0.2920353982300885,03:25-03:58; 04:27-05:33; 06:27-06:41
grid_n2_noise2.5_peak3.0_h45_w15_p65_x70,grid,2,2.5,-1.0,45,3.0,false,15,65,10,70,3,8,157.0,5,283,99.0,65.0,9,31,45.90643274853801,0.8771929824561403,14.0,68.0,23.540804093567253,0.4140127388535032,02:51-03:01; 03:03-03:58; 04:25-05:33; 06:27-06:41; 07:02-07:12
grid_n2_noise2.5_peak3.0_h45_w15_p65_x65,grid,2,2.5,-1.0,45,3.0,false,15,65,10,65,3,8,154.0,5,283,93.0,53.0,0,34,45.02923976608187,0.8771929824561403,19.0,68.0,23.540804093567253,0.34415584415584416,02:51-03:01; 03:15-03:58; 04:25-05:33; 06:27-06:41; 06:53-07:12
grid_n2_noise2.5_peak3.0_h45_w10_p50_x70,grid,2,2.5,-1.0,45,3.0,false,10,50,10,70,3,8,118.0,3,283,96.0,36.0,0,37,34.50292397660819,0.5263157894736842,36.0,68.0,32.605131578947365,0.3050847457627119,03:22-03:58; 04:25-05:33; 06:27-06:41
grid_n2_noise2.5_peak3.0_h45_w10_p50_x65,grid,2,2.5,-1.0,45,3.0,false,10,50,10,65,3,8,118.0,3,283,94.0,36.0,0,35,34.50292397660819,0.5263157894736842,36.0,68.0,32.605131578947365,0.3050847457627119,03:22-03:58; 04:25-05:33; 06:27-06:41
grid_n2_noise2.5_peak3.0_h45_w10_p65_x70,grid,2,2.5,-1.0,45,3.0,false,10,65,10,70,3,8,156.0,5,283,106.0,59.0,15,32,45.614035087719294,0.8771929824561403,15.0,68.0,22.663611111111113,0.3782051282051282,02:48-02:59; 03:10-03:58; 04:25-05:33; 06:27-06:41; 06:57-07:12
grid_n2_noise2.5_peak3.0_h45_w10_p65_x65,grid,2,2.5,-1.0,45,3.0,false,10,65,10,65,3,8,158.0,5,283,102.0,61.0,13,30,46.198830409356724,0.8771929824561403,15.0,68.0,22.663611111111113,0.3860759493670886,02:48-03:01; 03:10-03:58; 04:25-05:33; 06:27-06:41; 06:57-07:12
grid_n2_noise2.5_peak3.0_h60_w15_p50_x70,grid,2,2.5,-1.0,60,3.0,false,15,50,10,70,3,8,113.0,3,283,84.0,33.0,0,25,33.04093567251462,0.5263157894736842,33.0,66.0,33.48232456140351,0.2920353982300885,03:25-03:58; 04:27-05:33; 06:27-06:41
grid_n2_noise2.5_peak3.0_h60_w15_p50_x65,grid,2,2.5,-1.0,60,3.0,false,15,50,10,65,3,8,113.0,3,283,84.0,33.0,0,25,33.04093567251462,0.5263157894736842,33.0,66.0,33.48232456140351,0.2920353982300885,03:25-03:58; 04:27-05:33; 06:27-06:41
grid_n2_noise2.5_peak3.0_h60_w15_p65_x70,grid,2,2.5,-1.0,60,3.0,false,15,65,10,70,3,8,157.0,5,283,99.0,65.0,9,31,45.90643274853801,0.8771929824561403,14.0,68.0,23.540804093567253,0.4140127388535032,02:51-03:01; 03:03-03:58; 04:25-05:33; 06:27-06:41; 07:02-07:12
grid_n2_noise2.5_peak3.0_h60_w15_p65_x65,grid,2,2.5,-1.0,60,3.0,false,15,65,10,65,3,8,154.0,5,283,93.0,53.0,0,34,45.02923976608187,0.8771929824561403,19.0,68.0,23.540804093567253,0.34415584415584416,02:51-03:01; 03:15-03:58; 04:25-05:33; 06:27-06:41; 06:53-07:12
grid_n2_noise2.5_peak3.0_h60_w10_p50_x70,grid,2,2.5,-1.0,60,3.0,false,10,50,10,70,3,8,118.0,3,283,96.0,36.0,0,37,34.50292397660819,0.5263157894736842,36.0,68.0,32.605131578947365,0.3050847457627119,03:22-03:58; 04:25-05:33; 06:27-06:41
grid_n2_noise2.5_peak3.0_h60_w10_p50_x65,grid,2,2.5,-1.0,60,3.0,false,10,50,10,65,3,8,118.0,3,283,94.0,36.0,0,35,34.50292397660819,0.5263157894736842,36.0,68.0,32.605131578947365,0.3050847457627119,03:22-03:58; 04:25-05:33; 06:27-06:41
grid_n2_noise2.5_peak3.0_h60_w10_p65_x70,grid,2,2.5,-1.0,60,3.0,false,10,65,10,70,3,8,156.0,5,283,106.0,59.0,15,32,45.614035087719294,0.8771929824561403,15.0,68.0,22.663611111111113,0.3782051282051282,02:48-02:59; 03:10-03:58; 04:25-05:33; 06:27-06:41; 06:57-07:12
grid_n2_noise2.5_peak3.0_h60_w10_p65_x65,grid,2,2.5,-1.0,60,3.0,false,10,65,10,65,3,8,158.0,5,283,102.0,61.0,13,30,46.198830409356724,0.8771929824561403,15.0,68.0,22.663611111111113,0.3860759493670886,02:48-03:01; 03:10-03:58; 04:25-05:33; 06:27-06:41; 06:57-07:12
composite_n3_r-1.0_w15_x70,composite,3,3.0,-1.0,45,1.5,true,15,50,10,70,3,8,70.0,2,152,190.0,0.0,0,0,20.46783625730994,0.3508771929824561,35.0,56.0,51.90337719298246,0.0,04:28-05:24; 06:27-06:41
composite_n3_r-1.0_w15_x65,composite,3,3.0,-1.0,45,1.5,true,15,50,10,65,3,8,70.0,2,152,190.0,0.0,0,0,20.46783625730994,0.3508771929824561,35.0,56.0,51.90337719298246,0.0,04:28-05:24; 06:27-06:41
composite_n3_r-1.0_w10_x70,composite,3,3.0,-1.0,45,1.5,true,10,50,10,70,3,8,54.0,1,152,203.0,0.0,0,13,15.789473684210526,0.17543859649122806,54.0,54.0,52.488172514619876,0.0,04:30-05:24
composite_n3_r-1.0_w10_x65,composite,3,3.0,-1.0,45,1.5,true,10,50,10,65,3,8,54.0,1,152,203.0,0.0,0,13,15.789473684210526,0.17543859649122806,54.0,54.0,52.488172514619876,0.0,04:30-05:24
composite_n3_r2.5_w15_x70,composite,3,3.0,2.5,45,1.5,true,15,50,10,70,3,8,70.0,2,152,190.0,0.0,0,0,20.46783625730994,0.3508771929824561,35.0,56.0,51.90337719298246,0.0,04:28-05:24; 06:27-06:41
composite_n3_r2.5_w15_x65,composite,3,3.0,2.5,45,1.5,true,15,50,10,65,3,8,70.0,2,152,190.0,0.0,0,0,20.46783625730994,0.3508771929824561,35.0,56.0,51.90337719298246,0.0,04:28-05:24; 06:27-06:41
composite_n3_r2.5_w10_x70,composite,3,3.0,2.5,45,1.5,true,10,50,10,70,3,8,54.0,1,152,203.0,0.0,0,13,15.789473684210526,0.17543859649122806,54.0,54.0,52.488172514619876,0.0,04:30-05:24
composite_n3_r2.5_w10_x65,composite,3,3.0,2.5,45,1.5,true,10,50,10,65,3,8,54.0,1,152,203.0,0.0,0,13,15.789473684210526,0.17543859649122806,54.0,54.0,52.488172514619876,0.0,04:30-05:24
composite_n2_r-1.0_w15_x70,composite,2,3.0,-1.0,45,1.5,true,15,50,10,70,3,8,72.0,2,213,152.0,0.0,0,23,21.052631578947366,0.3508771929824561,36.0,57.0,51.610979532163746,0.0,04:27-05:24; 06:26-06:41
composite_n2_r-1.0_w15_x65,composite,2,3.0,-1.0,45,1.5,true,15,50,10,65,3,8,72.0,2,213,152.0,0.0,0,23,21.052631578947366,0.3508771929824561,36.0,57.0,51.610979532163746,0.0,04:27-05:24; 06:26-06:41
composite_n2_r-1.0_w10_x70,composite,2,3.0,-1.0,45,1.5,true,10,50,10,70,3,8,74.0,2,213,158.0,0.0,0,29,21.637426900584796,0.3508771929824561,37.0,59.0,51.02618421052632,0.0,04:25-05:24; 06:26-06:41
composite_n2_r-1.0_w10_x65,composite,2,3.0,-1.0,45,1.5,true,10,50,10,65,3,8,74.0,2,213,156.0,0.0,0,27,21.637426900584796,0.3508771929824561,37.0,59.0,51.02618421052632,0.0,04:25-05:24; 06:26-06:41
composite_n2_r2.5_w15_x70,composite,2,3.0,2.5,45,1.5,true,15,50,10,70,3,8,104.0,3,252,103.0,33.0,0,13,30.409356725146196,0.5263157894736842,33.0,57.0,33.48232456140351,0.3173076923076923,03:25-03:58; 04:27-05:24; 06:27-06:41
composite_n2_r2.5_w15_x65,composite,2,3.0,2.5,45,1.5,true,15,50,10,65,3,8,104.0,3,252,103.0,33.0,0,13,30.409356725146196,0.5263157894736842,33.0,57.0,33.48232456140351,0.3173076923076923,03:25-03:58; 04:27-05:24; 06:27-06:41
composite_n2_r2.5_w10_x70,composite,2,3.0,2.5,45,1.5,true,10,50,10,70,3,8,103.0,3,252,111.0,36.0,0,21,30.116959064327485,0.5263157894736842,36.0,55.0,32.605131578947365,0.34951456310679613,03:22-03:58; 04:29-05:24; 06:29-06:41
composite_n2_r2.5_w10_x65,composite,2,3.0,2.5,45,1.5,true,10,50,10,65,3,8,103.0,3,252,111.0,36.0,0,21,30.116959064327485,0.5263157894736842,36.0,55.0,32.605131578947365,0.34951456310679613,03:22-03:58; 04:29-05:24; 06:29-06:41
focused_pair_b10_x70_e3_w15,focused,2,3.0,-1.0,45,1.5,false,15,65,10,70,3,8,88.0,4,149,193.0,30.0,0,0,25.730994152046783,0.7017543859649122,18.5,39.0,21.201622807017547,0.3409090909090909,02:43-03:01; 03:03-03:15; 04:28-05:07; 06:53-07:12
focused_pair_b10_x70_e3_w10,focused,2,3.0,-1.0,45,1.5,false,10,65,10,70,3,8,72.0,3,149,198.0,15.0,0,5,21.052631578947366,0.5263157894736842,15.0,42.0,22.078815789473687,0.20833333333333334,02:46-03:01; 04:25-05:07; 06:57-07:12
focused_pair_b10_x70_e2_w15,focused,2,3.0,-1.0,45,1.5,false,15,65,10,70,2,8,87.0,4,149,193.0,29.0,0,0,25.438596491228072,0.7017543859649122,18.0,39.0,21.201622807017547,0.3333333333333333,02:43-03:00; 03:03-03:15; 04:28-05:07; 06:53-07:12
focused_pair_b10_x70_e2_w10,focused,2,3.0,-1.0,45,1.5,false,10,65,10,70,2,8,71.0,3,149,198.0,14.0,0,5,20.760233918128655,0.5263157894736842,15.0,42.0,22.078815789473687,0.19718309859154928,02:46-03:00; 04:25-05:07; 06:57-07:12
focused_pair_b10_x70_e1_w15,focused,2,3.0,-1.0,45,1.5,false,15,65,10,70,1,8,86.0,4,149,193.0,28.0,0,0,25.146198830409354,0.7017543859649122,17.5,39.0,21.201622807017547,0.32558139534883723,02:43-02:59; 03:03-03:15; 04:28-05:07; 06:53-07:12
focused_pair_b10_x70_e1_w10,focused,2,3.0,-1.0,45,1.5,false,10,65,10,70,1,8,70.0,3,149,198.0,13.0,0,5,20.46783625730994,0.5263157894736842,15.0,42.0,22.078815789473687,0.18571428571428572,02:46-02:59; 04:25-05:07; 06:57-07:12
focused_pair_b10_x65_e3_w15,focused,2,3.0,-1.0,45,1.5,false,15,65,10,65,3,8,76.0,3,149,196.0,18.0,0,3,22.22222222222222,0.5263157894736842,19.0,39.0,21.201622807017547,0.23684210526315788,02:43-03:01; 04:28-05:07; 06:53-07:12
focused_pair_b10_x65_e3_w10,focused,2,3.0,-1.0,45,1.5,false,10,65,10,65,3,8,72.0,3,149,198.0,15.0,0,5,21.052631578947366,0.5263157894736842,15.0,42.0,22.078815789473687,0.20833333333333334,02:46-03:01; 04:25-05:07; 06:57-07:12
focused_pair_b10_x65_e2_w15,focused,2,3.0,-1.0,45,1.5,false,15,65,10,65,2,8,75.0,3,149,195.0,17.0,0,2,21.929824561403507,0.5263157894736842,19.0,39.0,21.201622807017547,0.22666666666666666,02:43-03:00; 04:28-05:07; 06:53-07:12
focused_pair_b10_x65_e2_w10,focused,2,3.0,-1.0,45,1.5,false,10,65,10,65,2,8,71.0,3,149,198.0,14.0,0,5,20.760233918128655,0.5263157894736842,15.0,42.0,22.078815789473687,0.19718309859154928,02:46-03:00; 04:25-05:07; 06:57-07:12
focused_pair_b10_x65_e1_w15,focused,2,3.0,-1.0,45,1.5,false,15,65,10,65,1,8,74.0,3,149,194.0,16.0,0,1,21.637426900584796,0.5263157894736842,19.0,39.0,21.201622807017547,0.21621621621621623,02:43-02:59; 04:28-05:07; 06:53-07:12
focused_pair_b10_x65_e1_w10,focused,2,3.0,-1.0,45,1.5,false,10,65,10,65,1,8,70.0,3,149,197.0,13.0,0,4,20.46783625730994,0.5263157894736842,15.0,42.0,22.078815789473687,0.18571428571428572,02:46-02:59; 04:25-05:07; 06:57-07:12
focused_pair_b10_x50_e3_w15,focused,2,3.0,-1.0,45,1.5,false,15,65,10,50,3,8,49.0,2,149,219.0,10.0,0,26,14.327485380116958,0.3508771929824561,24.5,39.0,23.540804093567253,0.20408163265306123,02:51-03:01; 04:28-05:07
focused_pair_b10_x50_e3_w10,focused,2,3.0,-1.0,45,1.5,false,10,65,10,50,3,8,42.0,1,149,224.0,0.0,0,31,12.280701754385964,0.17543859649122806,42.0,42.0,51.02618421052632,0.0,04:25-05:07
focused_pair_b10_x50_e2_w15,focused,2,3.0,-1.0,45,1.5,false,15,65,10,50,2,8,39.0,1,149,225.0,0.0,0,32,11.403508771929824,0.17543859649122806,39.0,39.0,51.90337719298246,0.0,04:28-05:07
focused_pair_b10_x50_e2_w10,focused,2,3.0,-1.0,45,1.5,false,10,65,10,50,2,8,42.0,1,149,222.0,0.0,0,29,12.280701754385964,0.17543859649122806,42.0,42.0,51.02618421052632,0.0,04:25-05:07
focused_pair_b10_x50_e1_w15,focused,2,3.0,-1.0,45,1.5,false,15,65,10,50,1,8,39.0,1,149,219.0,0.0,0,26,11.403508771929824,0.17543859649122806,39.0,39.0,51.90337719298246,0.0,04:28-05:07
focused_pair_b10_x50_e1_w10,focused,2,3.0,-1.0,45,1.5,false,10,65,10,50,1,8,40.0,1,149,218.0,0.0,0,25,11.695906432748536,0.17543859649122806,40.0,40.0,51.610979532163746,0.0,04:27-05:07
focused_pair_b5_x70_e3_w15,focused,2,3.0,-1.0,45,1.5,false,15,65,5,70,3,8,88.0,4,149,193.0,30.0,0,0,25.730994152046783,0.7017543859649122,18.5,39.0,21.201622807017547,0.3409090909090909,02:43-03:01; 03:03-03:15; 04:28-05:07; 06:53-07:12
focused_pair_b5_x70_e3_w10,focused,2,3.0,-1.0,45,1.5,false,10,65,5,70,3,8,77.0,4,149,193.0,20.0,0,0,22.514619883040936,0.7017543859649122,15.0,42.0,22.078815789473687,0.2597402597402597,02:46-03:01; 03:10-03:15; 04:25-05:07; 06:57-07:12
focused_pair_b5_x70_e2_w15,focused,2,3.0,-1.0,45,1.5,false,15,65,5,70,2,8,87.0,4,149,193.0,29.0,0,0,25.438596491228072,0.7017543859649122,18.0,39.0,21.201622807017547,0.3333333333333333,02:43-03:00; 03:03-03:15; 04:28-05:07; 06:53-07:12
focused_pair_b5_x70_e2_w10,focused,2,3.0,-1.0,45,1.5,false,10,65,5,70,2,8,76.0,4,149,193.0,19.0,0,0,22.22222222222222,0.7017543859649122,14.5,42.0,22.078815789473687,0.25,02:46-03:00; 03:10-03:15; 04:25-05:07; 06:57-07:12
focused_pair_b5_x70_e1_w15,focused,2,3.0,-1.0,45,1.5,false,15,65,5,70,1,8,86.0,4,149,193.0,28.0,0,0,25.146198830409354,0.7017543859649122,17.5,39.0,21.201622807017547,0.32558139534883723,02:43-02:59; 03:03-03:15; 04:28-05:07; 06:53-07:12
focused_pair_b5_x70_e1_w10,focused,2,3.0,-1.0,45,1.5,false,10,65,5,70,1,8,75.0,4,149,193.0,18.0,0,0,21.929824561403507,0.7017543859649122,14.0,42.0,22.078815789473687,0.24,02:46-02:59; 03:10-03:15; 04:25-05:07; 06:57-07:12
focused_pair_b5_x65_e3_w15,focused,2,3.0,-1.0,45,1.5,false,15,65,5,65,3,8,76.0,3,149,196.0,18.0,0,3,22.22222222222222,0.5263157894736842,19.0,39.0,21.201622807017547,0.23684210526315788,02:43-03:01; 04:28-05:07; 06:53-07:12
focused_pair_b5_x65_e3_w10,focused,2,3.0,-1.0,45,1.5,false,10,65,5,65,3,8,77.0,4,149,193.0,20.0,0,0,22.514619883040936,0.7017543859649122,15.0,42.0,22.078815789473687,0.2597402597402597,02:46-03:01; 03:10-03:15; 04:25-05:07; 06:57-07:12
focused_pair_b5_x65_e2_w15,focused,2,3.0,-1.0,45,1.5,false,15,65,5,65,2,8,75.0,3,149,195.0,17.0,0,2,21.929824561403507,0.5263157894736842,19.0,39.0,21.201622807017547,0.22666666666666666,02:43-03:00; 04:28-05:07; 06:53-07:12
focused_pair_b5_x65_e2_w10,focused,2,3.0,-1.0,45,1.5,false,10,65,5,65,2,8,76.0,4,149,193.0,19.0,0,0,22.22222222222222,0.7017543859649122,14.5,42.0,22.078815789473687,0.25,02:46-03:00; 03:10-03:15; 04:25-05:07; 06:57-07:12
focused_pair_b5_x65_e1_w15,focused,2,3.0,-1.0,45,1.5,false,15,65,5,65,1,8,74.0,3,149,194.0,16.0,0,1,21.637426900584796,0.5263157894736842,19.0,39.0,21.201622807017547,0.21621621621621623,02:43-02:59; 04:28-05:07; 06:53-07:12
focused_pair_b5_x65_e1_w10,focused,2,3.0,-1.0,45,1.5,false,10,65,5,65,1,8,70.0,3,149,197.0,13.0,0,4,20.46783625730994,0.5263157894736842,15.0,42.0,22.078815789473687,0.18571428571428572,02:46-02:59; 04:25-05:07; 06:57-07:12
focused_pair_b5_x50_e3_w15,focused,2,3.0,-1.0,45,1.5,false,15,65,5,50,3,8,63.0,4,149,205.0,10.0,0,12,18.421052631578945,0.7017543859649122,8.5,39.0,23.540804093567253,0.15873015873015872,02:51-03:01; 04:28-05:07; 06:57-07:04; 07:05-07:12
focused_pair_b5_x50_e3_w10,focused,2,3.0,-1.0,45,1.5,false,10,65,5,50,3,8,63.0,4,149,203.0,7.0,0,10,18.421052631578945,0.7017543859649122,7.0,42.0,24.417997076023394,0.1111111111111111,02:54-03:01; 04:25-05:07; 06:57-07:04; 07:05-07:12
focused_pair_b5_x50_e2_w15,focused,2,3.0,-1.0,45,1.5,false,15,65,5,50,2,8,59.0,4,149,205.0,8.0,0,12,17.251461988304094,0.7017543859649122,7.5,39.0,23.833201754385964,0.13559322033898305,02:52-03:00; 04:28-05:07; 06:56-07:03; 07:07-07:12
focused_pair_b5_x50_e2_w10,focused,2,3.0,-1.0,45,1.5,false,10,65,5,50,2,8,61.0,4,149,203.0,8.0,0,10,17.83625730994152,0.7017543859649122,7.0,42.0,23.833201754385964,0.13114754098360656,02:52-03:00; 04:25-05:07; 06:57-07:03; 07:07-07:12
focused_pair_b5_x50_e1_w15,focused,2,3.0,-1.0,45,1.5,false,15,65,5,50,1,8,55.0,4,149,203.0,6.0,0,10,16.08187134502924,0.7017543859649122,5.5,39.0,24.12559941520468,0.10909090909090909,02:53-02:59; 04:28-05:07; 06:57-07:02; 07:07-07:12
focused_pair_b5_x50_e1_w10,focused,2,3.0,-1.0,45,1.5,false,10,65,5,50,1,8,55.0,4,149,203.0,5.0,0,10,16.08187134502924,0.7017543859649122,5.0,40.0,24.417997076023394,0.09090909090909091,02:54-02:59; 04:27-05:07; 06:57-07:02; 07:07-07:12
focused_pair_b2_x70_e3_w15,focused,2,3.0,-1.0,45,1.5,false,15,65,2,70,3,8,88.0,4,149,193.0,30.0,0,0,25.730994152046783,0.7017543859649122,18.5,39.0,21.201622807017547,0.3409090909090909,02:43-03:01; 03:03-03:15; 04:28-05:07; 06:53-07:12
focused_pair_b2_x70_e3_w10,focused,2,3.0,-1.0,45,1.5,false,10,65,2,70,3,8,77.0,4,149,193.0,20.0,0,0,22.514619883040936,0.7017543859649122,15.0,42.0,22.078815789473687,0.2597402597402597,02:46-03:01; 03:10-03:15; 04:25-05:07; 06:57-07:12
focused_pair_b2_x70_e2_w15,focused,2,3.0,-1.0,45,1.5,false,15,65,2,70,2,8,87.0,4,149,193.0,29.0,0,0,25.438596491228072,0.7017543859649122,18.0,39.0,21.201622807017547,0.3333333333333333,02:43-03:00; 03:03-03:15; 04:28-05:07; 06:53-07:12
focused_pair_b2_x70_e2_w10,focused,2,3.0,-1.0,45,1.5,false,10,65,2,70,2,8,76.0,4,149,193.0,19.0,0,0,22.22222222222222,0.7017543859649122,14.5,42.0,22.078815789473687,0.25,02:46-03:00; 03:10-03:15; 04:25-05:07; 06:57-07:12
focused_pair_b2_x70_e1_w15,focused,2,3.0,-1.0,45,1.5,false,15,65,2,70,1,8,86.0,4,149,193.0,28.0,0,0,25.146198830409354,0.7017543859649122,17.5,39.0,21.201622807017547,0.32558139534883723,02:43-02:59; 03:03-03:15; 04:28-05:07; 06:53-07:12
focused_pair_b2_x70_e1_w10,focused,2,3.0,-1.0,45,1.5,false,10,65,2,70,1,8,75.0,4,149,193.0,18.0,0,0,21.929824561403507,0.7017543859649122,14.0,42.0,22.078815789473687,0.24,02:46-02:59; 03:10-03:15; 04:25-05:07; 06:57-07:12
focused_pair_b2_x65_e3_w15,focused,2,3.0,-1.0,45,1.5,false,15,65,2,65,3,8,79.0,4,149,193.0,21.0,0,0,23.099415204678362,0.7017543859649122,18.5,39.0,21.201622807017547,0.26582278481012656,02:43-03:01; 03:03-03:06; 04:28-05:07; 06:53-07:12
focused_pair_b2_x65_e3_w10,focused,2,3.0,-1.0,45,1.5,false,10,65,2,65,3,8,77.0,4,149,193.0,20.0,0,0,22.514619883040936,0.7017543859649122,15.0,42.0,22.078815789473687,0.2597402597402597,02:46-03:01; 03:10-03:15; 04:25-05:07; 06:57-07:12
focused_pair_b2_x65_e2_w15,focused,2,3.0,-1.0,45,1.5,false,15,65,2,65,2,8,77.0,4,149,193.0,19.0,0,0,22.514619883040936,0.7017543859649122,18.0,39.0,21.201622807017547,0.24675324675324675,02:43-03:00; 03:03-03:05; 04:28-05:07; 06:53-07:12
focused_pair_b2_x65_e2_w10,focused,2,3.0,-1.0,45,1.5,false,10,65,2,65,2,8,76.0,4,149,193.0,19.0,0,0,22.22222222222222,0.7017543859649122,14.5,42.0,22.078815789473687,0.25,02:46-03:00; 03:10-03:15; 04:25-05:07; 06:57-07:12
focused_pair_b2_x65_e1_w15,focused,2,3.0,-1.0,45,1.5,false,15,65,2,65,1,8,74.0,3,149,194.0,16.0,0,1,21.637426900584796,0.5263157894736842,19.0,39.0,21.201622807017547,0.21621621621621623,02:43-02:59; 04:28-05:07; 06:53-07:12
focused_pair_b2_x65_e1_w10,focused,2,3.0,-1.0,45,1.5,false,10,65,2,65,1,8,73.0,4,149,194.0,16.0,0,1,21.34502923976608,0.7017543859649122,14.0,42.0,22.078815789473687,0.2191780821917808,02:46-02:59; 03:10-03:13; 04:25-05:07; 06:57-07:12
focused_pair_b2_x50_e3_w15,focused,2,3.0,-1.0,45,1.5,false,15,65,2,50,3,8,75.0,8,149,193.0,19.0,0,0,21.929824561403507,1.4035087719298245,5.0,39.0,21.201622807017547,0.25333333333333335,02:43-02:46; 02:47-02:50; 02:51-03:01; 03:03-03:06; 04:28-05:07; 06:53-06:56; 06:57-07:04; 07:05-07:12
focused_pair_b2_x50_e3_w10,focused,2,3.0,-1.0,45,1.5,false,10,65,2,50,3,8,72.0,7,149,194.0,16.0,0,1,21.052631578947366,1.2280701754385965,7.0,42.0,22.078815789473687,0.2222222222222222,02:46-02:49; 02:50-02:53; 02:54-03:01; 03:10-03:13; 04:25-05:07; 06:57-07:04; 07:05-07:12
focused_pair_b2_x50_e2_w15,focused,2,3.0,-1.0,45,1.5,false,15,65,2,50,2,8,71.0,10,149,193.0,16.0,0,0,20.760233918128655,1.7543859649122806,2.0,39.0,21.201622807017547,0.22535211267605634,02:43-02:45; 02:46-02:48; 02:49-02:51; 02:52-03:00; 03:03-03:05; 04:28-05:07; 06:53-06:55; 06:56-07:03; 07:04-07:06; 07:07-07:12
focused_pair_b2_x50_e2_w10,focused,2,3.0,-1.0,45,1.5,false,10,65,2,50,2,8,71.0,9,149,193.0,16.0,0,0,20.760233918128655,1.5789473684210527,2.0,42.0,22.078815789473687,0.22535211267605634,02:46-02:48; 02:49-02:51; 02:52-03:00; 03:10-03:12; 03:13-03:15; 04:25-05:07; 06:57-07:03; 07:04-07:06; 07:07-07:12
focused_pair_b2_x50_e1_w15,focused,2,3.0,-1.0,45,1.5,false,15,65,2,50,1,8,55.0,4,149,203.0,6.0,0,10,16.08187134502924,0.7017543859649122,5.5,39.0,24.12559941520468,0.10909090909090909,02:53-02:59; 04:28-05:07; 06:57-07:02; 07:07-07:12
focused_pair_b2_x50_e1_w10,focused,2,3.0,-1.0,45,1.5,false,10,65,2,50,1,8,55.0,4,149,203.0,5.0,0,10,16.08187134502924,0.7017543859649122,5.0,40.0,24.417997076023394,0.09090909090909091,02:54-02:59; 04:27-05:07; 06:57-07:02; 07:07-07:12
focused_noise_b10_x70_e3_w15,focused,3,2.5,-1.0,45,1.5,false,15,65,10,70,3,8,69.0,2,121,230.0,14.0,0,9,20.175438596491226,0.3508771929824561,34.5,55.0,34.359517543859646,0.2028985507246377,03:28-03:42; 04:28-05:23
focused_noise_b10_x70_e3_w10,focused,3,2.5,-1.0,45,1.5,false,10,65,10,70,3,8,71.0,2,121,228.0,18.0,0,7,20.760233918128655,0.3508771929824561,35.5,53.0,33.189926900584794,0.2535211267605634,03:24-03:42; 04:30-05:23
focused_noise_b10_x70_e2_w15,focused,3,2.5,-1.0,45,1.5,false,15,65,10,70,2,8,67.0,2,121,230.0,13.0,0,9,19.5906432748538,0.3508771929824561,33.5,54.0,34.359517543859646,0.19402985074626866,03:28-03:41; 04:28-05:22
focused_noise_b10_x70_e2_w10,focused,3,2.5,-1.0,45,1.5,false,10,65,10,70,2,8,69.0,2,121,228.0,17.0,0,7,20.175438596491226,0.3508771929824561,34.5,52.0,33.189926900584794,0.2463768115942029,03:24-03:41; 04:30-05:22
focused_noise_b10_x70_e1_w15,focused,3,2.5,-1.0,45,1.5,false,15,65,10,70,1,8,65.0,2,121,230.0,12.0,0,9,19.005847953216374,0.3508771929824561,32.5,53.0,34.359517543859646,0.18461538461538463,03:28-03:40; 04:28-05:21
focused_noise_b10_x70_e1_w10,focused,3,2.5,-1.0,45,1.5,false,10,65,10,70,1,8,67.0,2,121,228.0,16.0,0,7,19.5906432748538,0.3508771929824561,33.5,51.0,33.189926900584794,0.23880597014925373,03:24-03:40; 04:30-05:21
focused_noise_b10_x65_e3_w15,focused,3,2.5,-1.0,45,1.5,false,15,65,10,65,3,8,69.0,2,121,230.0,14.0,0,9,20.175438596491226,0.3508771929824561,34.5,55.0,34.359517543859646,0.2028985507246377,03:28-03:42; 04:28-05:23
focused_noise_b10_x65_e3_w10,focused,3,2.5,-1.0,45,1.5,false,10,65,10,65,3,8,71.0,2,121,228.0,18.0,0,7,20.760233918128655,0.3508771929824561,35.5,53.0,33.189926900584794,0.2535211267605634,03:24-03:42; 04:30-05:23
focused_noise_b10_x65_e2_w15,focused,3,2.5,-1.0,45,1.5,false,15,65,10,65,2,8,67.0,2,121,230.0,13.0,0,9,19.5906432748538,0.3508771929824561,33.5,54.0,34.359517543859646,0.19402985074626866,03:28-03:41; 04:28-05:22
focused_noise_b10_x65_e2_w10,focused,3,2.5,-1.0,45,1.5,false,10,65,10,65,2,8,69.0,2,121,228.0,17.0,0,7,20.175438596491226,0.3508771929824561,34.5,52.0,33.189926900584794,0.2463768115942029,03:24-03:41; 04:30-05:22
focused_noise_b10_x65_e1_w15,focused,3,2.5,-1.0,45,1.5,false,15,65,10,65,1,8,65.0,2,121,230.0,12.0,0,9,19.005847953216374,0.3508771929824561,32.5,53.0,34.359517543859646,0.18461538461538463,03:28-03:40; 04:28-05:21
focused_noise_b10_x65_e1_w10,focused,3,2.5,-1.0,45,1.5,false,10,65,10,65,1,8,67.0,2,121,228.0,16.0,0,7,19.5906432748538,0.3508771929824561,33.5,51.0,33.189926900584794,0.23880597014925373,03:24-03:40; 04:30-05:21
focused_noise_b10_x50_e3_w15,focused,3,2.5,-1.0,45,1.5,false,15,65,10,50,3,8,67.0,4,121,230.0,14.0,0,9,19.5906432748538,0.7017543859649122,16.5,20.0,34.359517543859646,0.208955223880597,03:28-03:42; 04:28-04:43; 04:44-05:04; 05:05-05:23
focused_noise_b10_x50_e3_w10,focused,3,2.5,-1.0,45,1.5,false,10,65,10,50,3,8,69.0,4,121,228.0,18.0,0,7,20.175438596491226,0.7017543859649122,18.0,20.0,33.189926900584794,0.2608695652173913,03:24-03:42; 04:30-04:43; 04:44-05:04; 05:05-05:23
focused_noise_b10_x50_e2_w15,focused,3,2.5,-1.0,45,1.5,false,15,65,10,50,2,8,51.0,3,121,243.0,13.0,0,22,14.912280701754385,0.5263157894736842,18.0,20.0,34.359517543859646,0.2549019607843137,03:28-03:41; 04:43-05:03; 05:04-05:22
focused_noise_b10_x50_e2_w10,focused,3,2.5,-1.0,45,1.5,false,10,65,10,50,2,8,51.0,3,121,242.0,13.0,0,21,14.912280701754385,0.5263157894736842,18.0,20.0,34.359517543859646,0.2549019607843137,03:28-03:41; 04:43-05:03; 05:04-05:22
focused_noise_b10_x50_e1_w15,focused,3,2.5,-1.0,45,1.5,false,15,65,10,50,1,8,46.0,3,121,244.0,12.0,0,23,13.450292397660817,0.5263157894736842,16.0,18.0,34.359517543859646,0.2608695652173913,03:28-03:40; 04:44-05:02; 05:05-05:21
focused_noise_b10_x50_e1_w10,focused,3,2.5,-1.0,45,1.5,false,10,65,10,50,1,8,47.0,3,121,242.0,13.0,0,21,13.742690058479532,0.5263157894736842,16.0,18.0,34.06711988304094,0.2765957446808511,03:27-03:40; 04:44-05:02; 05:05-05:21
focused_noise_b5_x70_e3_w15,focused,3,2.5,-1.0,45,1.5,false,15,65,5,70,3,8,78.0,3,121,221.0,23.0,0,0,22.807017543859647,0.5263157894736842,14.0,55.0,34.359517543859646,0.2948717948717949,03:28-03:42; 03:45-03:54; 04:28-05:23
focused_noise_b5_x70_e3_w10,focused,3,2.5,-1.0,45,1.5,false,10,65,5,70,3,8,78.0,3,121,221.0,25.0,0,0,22.807017543859647,0.5263157894736842,18.0,53.0,33.189926900584794,0.32051282051282054,03:24-03:42; 03:47-03:54; 04:30-05:23
focused_noise_b5_x70_e2_w15,focused,3,2.5,-1.0,45,1.5,false,15,65,5,70,2,8,76.0,3,121,221.0,22.0,0,0,22.22222222222222,0.5263157894736842,13.0,54.0,34.359517543859646,0.2894736842105263,03:28-03:41; 03:45-03:54; 04:28-05:22
focused_noise_b5_x70_e2_w10,focused,3,2.5,-1.0,45,1.5,false,10,65,5,70,2,8,76.0,3,121,221.0,24.0,0,0,22.22222222222222,0.5263157894736842,17.0,52.0,33.189926900584794,0.3157894736842105,03:24-03:41; 03:47-03:54; 04:30-05:22
focused_noise_b5_x70_e1_w15,focused,3,2.5,-1.0,45,1.5,false,15,65,5,70,1,8,74.0,3,121,221.0,21.0,0,0,21.637426900584796,0.5263157894736842,12.0,53.0,34.359517543859646,0.28378378378378377,03:28-03:40; 03:45-03:54; 04:28-05:21
focused_noise_b5_x70_e1_w10,focused,3,2.5,-1.0,45,1.5,false,10,65,5,70,1,8,74.0,3,121,221.0,23.0,0,0,21.637426900584796,0.5263157894736842,16.0,51.0,33.189926900584794,0.3108108108108108,03:24-03:40; 03:47-03:54; 04:30-05:21
focused_noise_b5_x65_e3_w15,focused,3,2.5,-1.0,45,1.5,false,15,65,5,65,3,8,78.0,3,121,221.0,23.0,0,0,22.807017543859647,0.5263157894736842,14.0,55.0,34.359517543859646,0.2948717948717949,03:28-03:42; 03:45-03:54; 04:28-05:23
focused_noise_b5_x65_e3_w10,focused,3,2.5,-1.0,45,1.5,false,10,65,5,65,3,8,78.0,3,121,221.0,25.0,0,0,22.807017543859647,0.5263157894736842,18.0,53.0,33.189926900584794,0.32051282051282054,03:24-03:42; 03:47-03:54; 04:30-05:23
focused_noise_b5_x65_e2_w15,focused,3,2.5,-1.0,45,1.5,false,15,65,5,65,2,8,76.0,3,121,221.0,22.0,0,0,22.22222222222222,0.5263157894736842,13.0,54.0,34.359517543859646,0.2894736842105263,03:28-03:41; 03:45-03:54; 04:28-05:22
focused_noise_b5_x65_e2_w10,focused,3,2.5,-1.0,45,1.5,false,10,65,5,65,2,8,76.0,3,121,221.0,24.0,0,0,22.22222222222222,0.5263157894736842,17.0,52.0,33.189926900584794,0.3157894736842105,03:24-03:41; 03:47-03:54; 04:30-05:22
focused_noise_b5_x65_e1_w15,focused,3,2.5,-1.0,45,1.5,false,15,65,5,65,1,8,74.0,3,121,221.0,21.0,0,0,21.637426900584796,0.5263157894736842,12.0,53.0,34.359517543859646,0.28378378378378377,03:28-03:40; 03:45-03:54; 04:28-05:21
focused_noise_b5_x65_e1_w10,focused,3,2.5,-1.0,45,1.5,false,10,65,5,65,1,8,74.0,3,121,221.0,23.0,0,0,21.637426900584796,0.5263157894736842,16.0,51.0,33.189926900584794,0.3108108108108108,03:24-03:40; 03:47-03:54; 04:30-05:21
focused_noise_b5_x50_e3_w15,focused,3,2.5,-1.0,45,1.5,false,15,65,5,50,3,8,76.0,5,121,221.0,23.0,0,0,22.22222222222222,0.8771929824561403,15.0,20.0,34.359517543859646,0.3026315789473684,03:28-03:42; 03:45-03:54; 04:28-04:43; 04:44-05:04; 05:05-05:23
focused_noise_b5_x50_e3_w10,focused,3,2.5,-1.0,45,1.5,false,10,65,5,50,3,8,76.0,5,121,221.0,25.0,0,0,22.22222222222222,0.8771929824561403,18.0,20.0,33.189926900584794,0.32894736842105265,03:24-03:42; 03:47-03:54; 04:30-04:43; 04:44-05:04; 05:05-05:23
focused_noise_b5_x50_e2_w15,focused,3,2.5,-1.0,45,1.5,false,15,65,5,50,2,8,73.0,6,121,221.0,22.0,0,0,21.34502923976608,1.0526315789473684,11.0,20.0,34.359517543859646,0.3013698630136986,03:28-03:41; 03:45-03:54; 04:28-04:36; 04:37-04:42; 04:43-05:03; 05:04-05:22
focused_noise_b5_x50_e2_w10,focused,3,2.5,-1.0,45,1.5,false,10,65,5,50,2,8,69.0,6,121,224.0,20.0,0,3,20.175438596491226,1.0526315789473684,10.0,20.0,34.359517543859646,0.2898550724637681,03:28-03:41; 03:47-03:54; 04:30-04:36; 04:37-04:42; 04:43-05:03; 05:04-05:22
focused_noise_b5_x50_e1_w15,focused,3,2.5,-1.0,45,1.5,false,15,65,5,50,1,8,67.0,6,121,223.0,21.0,0,2,19.5906432748538,1.0526315789473684,10.5,18.0,34.359517543859646,0.31343283582089554,03:28-03:40; 03:45-03:54; 04:28-04:35; 04:36-04:41; 04:44-05:02; 05:05-05:21
focused_noise_b5_x50_e1_w10,focused,3,2.5,-1.0,45,1.5,false,10,65,5,50,1,8,64.0,6,121,225.0,20.0,0,4,18.71345029239766,1.0526315789473684,10.0,18.0,34.06711988304094,0.3125,03:27-03:40; 03:47-03:54; 04:30-04:35; 04:36-04:41; 04:44-05:02; 05:05-05:21
focused_noise_b2_x70_e3_w15,focused,3,2.5,-1.0,45,1.5,false,15,65,2,70,3,8,78.0,3,121,221.0,23.0,0,0,22.807017543859647,0.5263157894736842,14.0,55.0,34.359517543859646,0.2948717948717949,03:28-03:42; 03:45-03:54; 04:28-05:23
focused_noise_b2_x70_e3_w10,focused,3,2.5,-1.0,45,1.5,false,10,65,2,70,3,8,78.0,3,121,221.0,25.0,0,0,22.807017543859647,0.5263157894736842,18.0,53.0,33.189926900584794,0.32051282051282054,03:24-03:42; 03:47-03:54; 04:30-05:23
focused_noise_b2_x70_e2_w15,focused,3,2.5,-1.0,45,1.5,false,15,65,2,70,2,8,76.0,3,121,221.0,22.0,0,0,22.22222222222222,0.5263157894736842,13.0,54.0,34.359517543859646,0.2894736842105263,03:28-03:41; 03:45-03:54; 04:28-05:22
focused_noise_b2_x70_e2_w10,focused,3,2.5,-1.0,45,1.5,false,10,65,2,70,2,8,76.0,3,121,221.0,24.0,0,0,22.22222222222222,0.5263157894736842,17.0,52.0,33.189926900584794,0.3157894736842105,03:24-03:41; 03:47-03:54; 04:30-05:22
focused_noise_b2_x70_e1_w15,focused,3,2.5,-1.0,45,1.5,false,15,65,2,70,1,8,74.0,3,121,221.0,21.0,0,0,21.637426900584796,0.5263157894736842,12.0,53.0,34.359517543859646,0.28378378378378377,03:28-03:40; 03:45-03:54; 04:28-05:21
focused_noise_b2_x70_e1_w10,focused,3,2.5,-1.0,45,1.5,false,10,65,2,70,1,8,74.0,3,121,221.0,23.0,0,0,21.637426900584796,0.5263157894736842,16.0,51.0,33.189926900584794,0.3108108108108108,03:24-03:40; 03:47-03:54; 04:30-05:21
focused_noise_b2_x65_e3_w15,focused,3,2.5,-1.0,45,1.5,false,15,65,2,65,3,8,78.0,3,121,221.0,23.0,0,0,22.807017543859647,0.5263157894736842,14.0,55.0,34.359517543859646,0.2948717948717949,03:28-03:42; 03:45-03:54; 04:28-05:23
focused_noise_b2_x65_e3_w10,focused,3,2.5,-1.0,45,1.5,false,10,65,2,65,3,8,78.0,3,121,221.0,25.0,0,0,22.807017543859647,0.5263157894736842,18.0,53.0,33.189926900584794,0.32051282051282054,03:24-03:42; 03:47-03:54; 04:30-05:23
focused_noise_b2_x65_e2_w15,focused,3,2.5,-1.0,45,1.5,false,15,65,2,65,2,8,76.0,3,121,221.0,22.0,0,0,22.22222222222222,0.5263157894736842,13.0,54.0,34.359517543859646,0.2894736842105263,03:28-03:41; 03:45-03:54; 04:28-05:22
focused_noise_b2_x65_e2_w10,focused,3,2.5,-1.0,45,1.5,false,10,65,2,65,2,8,76.0,3,121,221.0,24.0,0,0,22.22222222222222,0.5263157894736842,17.0,52.0,33.189926900584794,0.3157894736842105,03:24-03:41; 03:47-03:54; 04:30-05:22
focused_noise_b2_x65_e1_w15,focused,3,2.5,-1.0,45,1.5,false,15,65,2,65,1,8,74.0,3,121,221.0,21.0,0,0,21.637426900584796,0.5263157894736842,12.0,53.0,34.359517543859646,0.28378378378378377,03:28-03:40; 03:45-03:54; 04:28-05:21
focused_noise_b2_x65_e1_w10,focused,3,2.5,-1.0,45,1.5,false,10,65,2,65,1,8,74.0,3,121,221.0,23.0,0,0,21.637426900584796,0.5263157894736842,16.0,51.0,33.189926900584794,0.3108108108108108,03:24-03:40; 03:47-03:54; 04:30-05:21
focused_noise_b2_x50_e3_w15,focused,3,2.5,-1.0,45,1.5,false,15,65,2,50,3,8,76.0,5,121,221.0,23.0,0,0,22.22222222222222,0.8771929824561403,15.0,20.0,34.359517543859646,0.3026315789473684,03:28-03:42; 03:45-03:54; 04:28-04:43; 04:44-05:04; 05:05-05:23
focused_noise_b2_x50_e3_w10,focused,3,2.5,-1.0,45,1.5,false,10,65,2,50,3,8,76.0,5,121,221.0,25.0,0,0,22.22222222222222,0.8771929824561403,18.0,20.0,33.189926900584794,0.32894736842105265,03:24-03:42; 03:47-03:54; 04:30-04:43; 04:44-05:04; 05:05-05:23
focused_noise_b2_x50_e2_w15,focused,3,2.5,-1.0,45,1.5,false,15,65,2,50,2,8,73.0,6,121,221.0,22.0,0,0,21.34502923976608,1.0526315789473684,11.0,20.0,34.359517543859646,0.3013698630136986,03:28-03:41; 03:45-03:54; 04:28-04:36; 04:37-04:42; 04:43-05:03; 05:04-05:22
focused_noise_b2_x50_e2_w10,focused,3,2.5,-1.0,45,1.5,false,10,65,2,50,2,8,72.0,7,121,221.0,23.0,0,0,21.052631578947366,1.2280701754385965,7.0,20.0,33.189926900584794,0.3194444444444444,03:24-03:27; 03:28-03:41; 03:47-03:54; 04:30-04:36; 04:37-04:42; 04:43-05:03; 05:04-05:22
focused_noise_b2_x50_e1_w15,focused,3,2.5,-1.0,45,1.5,false,15,65,2,50,1,8,67.0,6,121,223.0,21.0,0,2,19.5906432748538,1.0526315789473684,10.5,18.0,34.359517543859646,0.31343283582089554,03:28-03:40; 03:45-03:54; 04:28-04:35; 04:36-04:41; 04:44-05:02; 05:05-05:21
focused_noise_b2_x50_e1_w10,focused,3,2.5,-1.0,45,1.5,false,10,65,2,50,1,8,66.0,7,121,223.0,22.0,0,2,19.298245614035086,1.2280701754385965,7.0,18.0,33.189926900584794,0.3333333333333333,03:24-03:26; 03:27-03:40; 03:47-03:54; 04:30-04:35; 04:36-04:41; 04:44-05:02; 05:05-05:21
focused_peak_b10_x70_e3_w15,focused,2,3.0,-1.0,45,3.0,false,15,65,10,70,3,8,149.0,5,244,121.0,32.0,0,23,43.567251461988306,0.8771929824561403,19.0,68.0,21.201622807017547,0.21476510067114093,02:43-03:15; 04:25-05:33; 05:36-05:51; 06:26-06:41; 06:53-07:12
focused_peak_b10_x70_e3_w10,focused,2,3.0,-1.0,45,3.0,false,10,65,10,70,3,8,155.0,5,244,129.0,36.0,0,31,45.32163742690059,0.8771929824561403,21.0,68.0,20.03203216374269,0.23225806451612904,02:39-03:15; 04:25-05:33; 05:36-05:51; 06:26-06:41; 06:51-07:12
focused_peak_b10_x70_e2_w15,focused,2,3.0,-1.0,45,3.0,false,15,65,10,70,2,8,146.0,5,244,117.0,32.0,0,19,42.69005847953216,0.8771929824561403,19.0,67.0,21.201622807017547,0.2191780821917808,02:43-03:15; 04:25-05:32; 05:36-05:50; 06:26-06:40; 06:53-07:12
focused_peak_b10_x70_e2_w10,focused,2,3.0,-1.0,45,3.0,false,10,65,10,70,2,8,152.0,5,244,125.0,36.0,0,27,44.44444444444444,0.8771929824561403,21.0,67.0,20.03203216374269,0.23684210526315788,02:39-03:15; 04:25-05:32; 05:36-05:50; 06:26-06:40; 06:51-07:12
focused_peak_b10_x70_e1_w15,focused,2,3.0,-1.0,45,3.0,false,15,65,10,70,1,8,143.0,5,244,113.0,32.0,0,15,41.812865497076025,0.8771929824561403,19.0,66.0,21.201622807017547,0.22377622377622378,02:43-03:15; 04:25-05:31; 05:36-05:49; 06:26-06:39; 06:53-07:12
focused_peak_b10_x70_e1_w10,focused,2,3.0,-1.0,45,3.0,false,10,65,10,70,1,8,149.0,5,244,121.0,36.0,0,23,43.567251461988306,0.8771929824561403,21.0,66.0,20.03203216374269,0.24161073825503357,02:39-03:15; 04:25-05:31; 05:36-05:49; 06:26-06:39; 06:51-07:12
focused_peak_b10_x65_e3_w15,focused,2,3.0,-1.0,45,3.0,false,15,65,10,65,3,8,133.0,5,244,133.0,31.0,0,35,38.88888888888889,0.8771929824561403,18.0,68.0,21.201622807017547,0.23308270676691728,02:43-03:01; 03:02-03:15; 04:25-05:33; 06:26-06:41; 06:53-07:12
focused_peak_b10_x65_e3_w10,focused,2,3.0,-1.0,45,3.0,false,10,65,10,65,3,8,139.0,5,244,142.0,35.0,0,44,40.643274853801174,0.8771929824561403,21.0,68.0,20.03203216374269,0.2517985611510791,02:39-03:01; 03:02-03:15; 04:25-05:33; 06:26-06:41; 06:51-07:12
focused_peak_b10_x65_e2_w15,focused,2,3.0,-1.0,45,3.0,false,15,65,10,65,2,8,131.0,5,244,127.0,31.0,0,29,38.30409356725146,0.8771929824561403,17.0,67.0,21.201622807017547,0.2366412213740458,02:43-03:00; 03:01-03:15; 04:25-05:32; 06:26-06:40; 06:53-07:12
focused_peak_b10_x65_e2_w10,focused,2,3.0,-1.0,45,3.0,false,10,65,10,65,2,8,134.0,5,244,139.0,32.0,0,41,39.1812865497076,0.8771929824561403,18.0,67.0,20.909225146198832,0.23880597014925373,02:42-03:00; 03:01-03:15; 04:25-05:32; 06:26-06:40; 06:51-07:12
focused_peak_b10_x65_e1_w15,focused,2,3.0,-1.0,45,3.0,false,15,65,10,65,1,8,127.0,5,244,122.0,29.0,0,24,37.13450292397661,0.8771929824561403,16.0,66.0,21.201622807017547,0.2283464566929134,02:43-02:59; 03:02-03:15; 04:25-05:31; 06:26-06:39; 06:53-07:12
focused_peak_b10_x65_e1_w10,focused,2,3.0,-1.0,45,3.0,false,10,65,10,65,1,8,131.0,5,244,133.0,31.0,0,35,38.30409356725146,0.8771929824561403,18.0,66.0,20.616827485380117,0.2366412213740458,02:41-02:59; 03:02-03:15; 04:25-05:31; 06:26-06:39; 06:51-07:12
focused_peak_b10_x50_e3_w15,focused,2,3.0,-1.0,45,3.0,false,15,65,10,50,3,8,75.0,2,244,180.0,0.0,0,82,21.929824561403507,0.3508771929824561,37.5,60.0,51.02618421052632,0.0,04:25-05:25; 06:26-06:41
focused_peak_b10_x50_e3_w10,focused,2,3.0,-1.0,45,3.0,false,10,65,10,50,3,8,75.0,2,244,193.0,0.0,0,95,21.929824561403507,0.3508771929824561,37.5,60.0,51.02618421052632,0.0,04:25-05:25; 06:26-06:41
focused_peak_b10_x50_e2_w15,focused,2,3.0,-1.0,45,3.0,false,15,65,10,50,2,8,73.0,2,244,171.0,0.0,0,73,21.34502923976608,0.3508771929824561,36.5,59.0,51.02618421052632,0.0,04:25-05:24; 06:26-06:40
focused_peak_b10_x50_e2_w10,focused,2,3.0,-1.0,45,3.0,false,10,65,10,50,2,8,73.0,2,244,184.0,0.0,0,86,21.34502923976608,0.3508771929824561,36.5,59.0,51.02618421052632,0.0,04:25-05:24; 06:26-06:40
focused_peak_b10_x50_e1_w15,focused,2,3.0,-1.0,45,3.0,false,15,65,10,50,1,8,69.0,2,244,156.0,0.0,0,58,20.175438596491226,0.3508771929824561,34.5,56.0,51.610979532163746,0.0,04:27-05:23; 06:26-06:39
focused_peak_b10_x50_e1_w10,focused,2,3.0,-1.0,45,3.0,false,10,65,10,50,1,8,69.0,2,244,169.0,0.0,0,71,20.175438596491226,0.3508771929824561,34.5,56.0,51.610979532163746,0.0,04:27-05:23; 06:26-06:39
focused_peak_b5_x70_e3_w15,focused,2,3.0,-1.0,45,3.0,false,15,65,5,70,3,8,168.0,8,244,102.0,36.49045,0,4,49.122807017543856,1.4035087719298245,15.0,68.0,21.201622807017547,0.21720505952380953,02:43-03:15; 04:17-04:24; 04:25-05:33; 05:36-05:51; 06:18-06:24; 06:26-06:41; 06:43-06:49; 06:53-07:12
focused_peak_b5_x70_e3_w10,focused,2,3.0,-1.0,45,3.0,false,10,65,5,70,3,8,186.0,9,244,98.0,49.49045,0,0,54.385964912280706,1.5789473684210527,15.0,68.0,20.03203216374269,0.266077688172043,02:39-03:15; 04:06-04:15; 04:17-04:24; 04:25-05:33; 05:36-05:51; 06:15-06:24; 06:26-06:41; 06:43-06:49; 06:51-07:12
focused_peak_b5_x70_e2_w15,focused,2,3.0,-1.0,45,3.0,false,15,65,5,70,2,8,162.0,8,244,101.0,36.49045,0,3,47.368421052631575,1.4035087719298245,14.0,67.0,21.201622807017547,0.2252496913580247,02:43-03:15; 04:17-04:23; 04:25-05:32; 05:36-05:50; 06:18-06:23; 06:26-06:40; 06:43-06:48; 06:53-07:12
focused_peak_b5_x70_e2_w10,focused,2,3.0,-1.0,45,3.0,false,10,65,5,70,2,8,179.0,9,244,98.0,48.49045,0,0,52.33918128654971,1.5789473684210527,14.0,67.0,20.03203216374269,0.2708963687150838,02:39-03:15; 04:06-04:14; 04:17-04:23; 04:25-05:32; 05:36-05:50; 06:15-06:23; 06:26-06:40; 06:43-06:48; 06:51-07:12
focused_peak_b5_x70_e1_w15,focused,2,3.0,-1.0,45,3.0,false,15,65,5,70,1,8,148.0,6,244,108.0,36.49045,0,10,43.27485380116959,1.0526315789473684,16.0,66.0,21.201622807017547,0.2465570945945946,02:43-03:15; 04:17-04:22; 04:25-05:31; 05:36-05:49; 06:26-06:39; 06:53-07:12
focused_peak_b5_x70_e1_w10,focused,2,3.0,-1.0,45,3.0,false,10,65,5,70,1,8,168.0,8,244,102.0,47.49045,0,4,49.122807017543856,1.4035087719298245,13.0,66.0,20.03203216374269,0.28268125,02:39-03:15; 04:06-04:13; 04:17-04:22; 04:25-05:31; 05:36-05:49; 06:15-06:22; 06:26-06:39; 06:51-07:12
focused_peak_b5_x65_e3_w15,focused,2,3.0,-1.0,45,3.0,false,15,65,5,65,3,8,164.0,10,244,102.0,35.49045,0,4,47.953216374269005,1.7543859649122806,10.0,68.0,21.201622807017547,0.21640518292682928,02:43-03:01; 03:02-03:15; 04:17-04:24; 04:25-05:33; 05:36-05:42; 05:44-05:50; 06:18-06:24; 06:26-06:41; 06:43-06:49; 06:53-07:12
focused_peak_b5_x65_e3_w10,focused,2,3.0,-1.0,45,3.0,false,10,65,5,65,3,8,183.0,11,244,98.0,48.49045,0,0,53.50877192982456,1.9298245614035088,9.0,68.0,20.03203216374269,0.2649751366120219,02:39-03:01; 03:02-03:15; 04:06-04:15; 04:17-04:24; 04:25-05:33; 05:36-05:42; 05:43-05:50; 06:15-06:24; 06:26-06:41; 06:43-06:49; 06:51-07:12
focused_peak_b5_x65_e2_w15,focused,2,3.0,-1.0,45,3.0,false,15,65,5,65,2,8,157.0,10,244,101.0,35.49045,0,3,45.90643274853801,1.7543859649122806,10.0,67.0,21.201622807017547,0.22605382165605098,02:43-03:00; 03:01-03:15; 04:17-04:23; 04:25-05:32; 05:36-05:41; 05:44-05:49; 06:18-06:23; 06:26-06:40; 06:43-06:48; 06:53-07:12
focused_peak_b5_x65_e2_w10,focused,2,3.0,-1.0,45,3.0,false,10,65,5,65,2,8,173.0,11,244,100.0,44.49045,0,2,50.58479532163743,1.9298245614035088,8.0,67.0,20.909225146198832,0.25717023121387284,02:42-03:00; 03:01-03:15; 04:06-04:14; 04:17-04:23; 04:25-05:32; 05:36-05:41; 05:42-05:49; 06:15-06:23; 06:26-06:40; 06:43-06:48; 06:51-07:12
focused_peak_b5_x65_e1_w15,focused,2,3.0,-1.0,45,3.0,false,15,65,5,65,1,8,132.0,6,244,117.0,33.49045,0,19,38.59649122807017,1.0526315789473684,14.5,66.0,21.201622807017547,0.25371553030303035,02:43-02:59; 03:02-03:15; 04:17-04:22; 04:25-05:31; 06:26-06:39; 06:53-07:12
focused_peak_b5_x65_e1_w10,focused,2,3.0,-1.0,45,3.0,false,10,65,5,65,1,8,155.0,9,244,109.0,42.49045,0,11,45.32163742690059,1.5789473684210527,13.0,66.0,20.616827485380117,0.274131935483871,02:41-02:59; 03:02-03:15; 04:06-04:13; 04:17-04:22; 04:25-05:31; 05:43-05:48; 06:15-06:22; 06:26-06:39; 06:51-07:12
focused_peak_b5_x50_e3_w15,focused,2,3.0,-1.0,45,3.0,false,15,65,5,50,3,8,132.0,11,244,123.0,10.49045,0,25,38.59649122807017,1.9298245614035088,7.0,60.0,24.710394736842105,0.07947310606060605,02:55-03:01; 04:17-04:24; 04:25-05:25; 05:26-05:33; 05:36-05:42; 05:44-05:50; 06:18-06:24; 06:26-06:41; 06:43-06:48; 06:57-07:04; 07:05-07:12
focused_peak_b5_x50_e3_w10,focused,2,3.0,-1.0,45,3.0,false,10,65,5,50,3,8,145.0,12,244,123.0,17.49045,0,25,42.39766081871345,2.1052631578947367,7.0,60.0,24.710394736842105,0.12062379310344827,02:55-03:01; 04:06-04:13; 04:17-04:24; 04:25-05:25; 05:26-05:33; 05:36-05:42; 05:43-05:50; 06:15-06:24; 06:26-06:41; 06:43-06:48; 06:55-07:04; 07:05-07:12
focused_peak_b5_x50_e2_w15,focused,2,3.0,-1.0,45,3.0,false,15,65,5,50,2,8,118.0,10,244,126.0,9.49045,0,28,34.50292397660819,1.7543859649122806,5.5,59.0,24.710394736842105,0.08042754237288136,02:55-03:00; 04:17-04:23; 04:25-05:24; 05:25-05:32; 05:36-05:41; 05:44-05:49; 06:18-06:23; 06:26-06:40; 06:56-07:03; 07:07-07:12
focused_peak_b5_x50_e2_w10,focused,2,3.0,-1.0,45,3.0,false,10,65,5,50,2,8,129.0,11,244,128.0,16.49045,0,30,37.719298245614034,1.9298245614035088,6.0,59.0,24.417997076023394,0.1278329457364341,02:54-03:00; 04:06-04:12; 04:17-04:23; 04:25-05:24; 05:25-05:32; 05:36-05:41; 05:42-05:49; 06:15-06:23; 06:26-06:40; 06:57-07:03; 07:07-07:12
focused_peak_b5_x50_e1_w15,focused,2,3.0,-1.0,45,3.0,false,15,65,5,50,1,8,84.0,5,244,141.0,4.49045,0,43,24.561403508771928,0.8771929824561403,5.0,56.0,48.68700292397661,0.05345773809523809,04:17-04:22; 04:27-05:23; 06:26-06:39; 06:57-07:02; 07:07-07:12
focused_peak_b5_x50_e1_w10,focused,2,3.0,-1.0,45,3.0,false,10,65,5,50,1,8,101.0,8,244,137.0,9.49045,0,39,29.53216374269006,1.4035087719298245,5.0,56.0,45.47062865497076,0.0939648514851485,04:06-04:11; 04:17-04:22; 04:27-05:23; 05:43-05:48; 06:15-06:22; 06:26-06:39; 06:57-07:02; 07:07-07:12
focused_peak_b2_x70_e3_w15,focused,2,3.0,-1.0,45,3.0,false,15,65,2,70,3,8,172.0,9,244,98.0,40.49045,0,0,50.29239766081871,1.5789473684210527,15.0,68.0,21.201622807017547,0.23540959302325584,02:43-03:15; 04:11-04:15; 04:17-04:24; 04:25-05:33; 05:36-05:51; 06:18-06:24; 06:26-06:41; 06:43-06:49; 06:53-07:12
focused_peak_b2_x70_e3_w10,focused,2,3.0,-1.0,45,3.0,false,10,65,2,70,3,8,186.0,9,244,98.0,49.49045,0,0,54.385964912280706,1.5789473684210527,15.0,68.0,20.03203216374269,0.266077688172043,02:39-03:15; 04:06-04:15; 04:17-04:24; 04:25-05:33; 05:36-05:51; 06:15-06:24; 06:26-06:41; 06:43-06:49; 06:51-07:12
focused_peak_b2_x70_e2_w15,focused,2,3.0,-1.0,45,3.0,false,15,65,2,70,2,8,165.0,9,244,98.0,39.49045,0,0,48.24561403508772,1.5789473684210527,14.0,67.0,21.201622807017547,0.23933606060606064,02:43-03:15; 04:11-04:14; 04:17-04:23; 04:25-05:32; 05:36-05:50; 06:18-06:23; 06:26-06:40; 06:43-06:48; 06:53-07:12
focused_peak_b2_x70_e2_w10,focused,2,3.0,-1.0,45,3.0,false,10,65,2,70,2,8,179.0,9,244,98.0,48.49045,0,0,52.33918128654971,1.5789473684210527,14.0,67.0,20.03203216374269,0.2708963687150838,02:39-03:15; 04:06-04:14; 04:17-04:23; 04:25-05:32; 05:36-05:50; 06:15-06:23; 06:26-06:40; 06:43-06:48; 06:51-07:12
focused_peak_b2_x70_e1_w15,focused,2,3.0,-1.0,45,3.0,false,15,65,2,70,1,8,158.0,9,244,98.0,38.49045,0,0,46.198830409356724,1.5789473684210527,13.0,66.0,21.201622807017547,0.2436104430379747,02:43-03:15; 04:11-04:13; 04:17-04:22; 04:25-05:31; 05:36-05:49; 06:18-06:22; 06:26-06:39; 06:43-06:47; 06:53-07:12
focused_peak_b2_x70_e1_w10,focused,2,3.0,-1.0,45,3.0,false,10,65,2,70,1,8,172.0,9,244,98.0,47.49045,0,0,50.29239766081871,1.5789473684210527,13.0,66.0,20.03203216374269,0.2761072674418605,02:39-03:15; 04:06-04:13; 04:17-04:22; 04:25-05:31; 05:36-05:49; 06:15-06:22; 06:26-06:39; 06:43-06:47; 06:51-07:12
focused_peak_b2_x65_e3_w15,focused,2,3.0,-1.0,45,3.0,false,15,65,2,65,3,8,168.0,11,244,98.0,39.49045,0,0,49.122807017543856,1.9298245614035088,7.0,68.0,21.201622807017547,0.2350622023809524,02:43-03:01; 03:02-03:15; 04:11-04:15; 04:17-04:24; 04:25-05:33; 05:36-05:42; 05:44-05:50; 06:18-06:24; 06:26-06:41; 06:43-06:49; 06:53-07:12
focused_peak_b2_x65_e3_w10,focused,2,3.0,-1.0,45,3.0,false,10,65,2,65,3,8,183.0,11,244,98.0,48.49045,0,0,53.50877192982456,1.9298245614035088,9.0,68.0,20.03203216374269,0.2649751366120219,02:39-03:01; 03:02-03:15; 04:06-04:15; 04:17-04:24; 04:25-05:33; 05:36-05:42; 05:43-05:50; 06:15-06:24; 06:26-06:41; 06:43-06:49; 06:51-07:12
focused_peak_b2_x65_e2_w15,focused,2,3.0,-1.0,45,3.0,false,15,65,2,65,2,8,160.0,11,244,98.0,38.49045,0,0,46.783625730994146,1.9298245614035088,6.0,67.0,21.201622807017547,0.24056531250000002,02:43-03:00; 03:01-03:15; 04:11-04:14; 04:17-04:23; 04:25-05:32; 05:36-05:41; 05:44-05:49; 06:18-06:23; 06:26-06:40; 06:43-06:48; 06:53-07:12
focused_peak_b2_x65_e2_w10,focused,2,3.0,-1.0,45,3.0,false,10,65,2,65,2,8,175.0,12,244,98.0,46.49045,0,0,51.16959064327485,2.1052631578947367,8.0,67.0,20.03203216374269,0.2656597142857143,02:39-02:41; 02:42-03:00; 03:01-03:15; 04:06-04:14; 04:17-04:23; 04:25-05:32; 05:36-05:41; 05:42-05:49; 06:15-06:23; 06:26-06:40; 06:43-06:48; 06:51-07:12
focused_peak_b2_x65_e1_w15,focused,2,3.0,-1.0,45,3.0,false,15,65,2,65,1,8,150.0,11,244,99.0,35.49045,0,1,43.859649122807014,1.9298245614035088,5.0,66.0,21.201622807017547,0.236603,02:43-02:59; 03:02-03:15; 04:11-04:13; 04:17-04:22; 04:25-05:31; 05:36-05:40; 05:44-05:48; 06:18-06:22; 06:26-06:39; 06:43-06:47; 06:53-07:12
focused_peak_b2_x65_e1_w10,focused,2,3.0,-1.0,45,3.0,false,10,65,2,65,1,8,163.0,11,244,101.0,42.49045,0,3,47.66081871345029,1.9298245614035088,7.0,66.0,20.616827485380117,0.2606776073619632,02:41-02:59; 03:02-03:15; 04:06-04:13; 04:17-04:22; 04:25-05:31; 05:36-05:40; 05:43-05:48; 06:15-06:22; 06:26-06:39; 06:43-06:47; 06:51-07:12
focused_peak_b2_x50_e3_w15,focused,2,3.0,-1.0,45,3.0,false,15,65,2,50,3,8,156.0,19,244,99.0,31.49045,0,1,45.614035087719294,3.333333333333333,6.0,60.0,21.201622807017547,0.20186185897435896,02:43-02:46; 02:47-02:50; 02:51-02:54; 02:55-03:01; 03:02-03:05; 03:06-03:09; 03:10-03:13; 04:11-04:14; 04:17-04:24; 04:25-05:25; 05:26-05:33; 05:36-05:42; 05:44-05:50; 06:18-06:24; 06:26-06:41; 06:43-06:48; 06:53-06:56; 06:57-07:04; 07:05-07:12
focused_peak_b2_x50_e3_w10,focused,2,3.0,-1.0,45,3.0,false,10,65,2,50,3,8,169.0,20,244,99.0,38.49045,0,1,49.41520467836257,3.508771929824561,6.0,60.0,20.03203216374269,0.22775414201183433,02:39-02:42; 02:43-02:46; 02:47-02:50; 02:51-02:54; 02:55-03:01; 03:02-03:05; 03:06-03:09; 03:10-03:13; 04:06-04:13; 04:17-04:24; 04:25-05:25; 05:26-05:33; 05:36-05:42; 05:43-05:50; 06:15-06:24; 06:26-06:41; 06:43-06:48; 06:51-06:54; 06:55-07:04; 07:05-07:12
focused_peak_b2_x50_e2_w15,focused,2,3.0,-1.0,45,3.0,false,15,65,2,50,2,8,146.0,23,244,98.0,29.49045,0,0,42.69005847953216,4.035087719298246,2.0,59.0,21.201622807017547,0.20198938356164384,02:43-02:45; 02:46-02:48; 02:49-02:51; 02:52-02:54; 02:55-03:00; 03:01-03:03; 03:04-03:06; 03:07-03:09; 03:10-03:12; 03:13-03:15; 04:11-04:13; 04:17-04:23; 04:25-05:24; 05:25-05:32; 05:36-05:41; 05:44-05:49; 06:18-06:23; 06:26-06:40; 06:43-06:47; 06:53-06:55; 06:56-07:03; 07:04-07:06; 07:07-07:12
focused_peak_b2_x50_e2_w10,focused,2,3.0,-1.0,45,3.0,false,10,65,2,50,2,8,159.0,25,244,98.0,36.49045,0,0,46.49122807017544,4.385964912280701,2.0,59.0,20.03203216374269,0.2294996855345912,02:39-02:41; 02:42-02:44; 02:45-02:47; 02:48-02:50; 02:51-02:53; 02:54-03:00; 03:01-03:03; 03:04-03:06; 03:07-03:09; 03:10-03:12; 03:13-03:15; 04:06-04:12; 04:17-04:23; 04:25-05:24; 05:25-05:32; 05:36-05:41; 05:42-05:49; 06:15-06:23; 06:26-06:40; 06:43-06:47; 06:51-06:53; 06:54-06:56; 06:57-07:03; 07:04-07:06; 07:07-07:12
focused_peak_b2_x50_e1_w15,focused,2,3.0,-1.0,45,3.0,false,15,65,2,50,1,8,105.0,11,244,120.0,6.49045,0,22,30.701754385964914,1.9298245614035088,4.0,56.0,25.295190058479534,0.06181380952380952,02:57-02:59; 04:17-04:22; 04:27-05:23; 05:27-05:31; 05:36-05:40; 05:44-05:48; 06:18-06:22; 06:26-06:39; 06:43-06:46; 06:57-07:02; 07:07-07:12
focused_peak_b2_x50_e1_w10,focused,2,3.0,-1.0,45,3.0,false,10,65,2,50,1,8,114.0,12,244,124.0,11.49045,0,26,33.33333333333333,2.1052631578947367,5.0,56.0,25.295190058479534,0.10079342105263157,02:57-02:59; 04:06-04:11; 04:17-04:22; 04:27-05:23; 05:27-05:31; 05:36-05:40; 05:43-05:48; 06:15-06:22; 06:26-06:39; 06:43-06:46; 06:57-07:02; 07:07-07:12
focused_composite_b10_x70_e3_w15,focused,2,3.0,-1.0,45,1.5,true,15,65,10,70,3,8,123.0,5,213,148.0,30.0,0,19,35.96491228070175,0.8771929824561403,18.0,59.0,21.201622807017547,0.24390243902439024,02:43-03:01; 03:03-03:15; 04:25-05:24; 06:26-06:41; 06:53-07:12
focused_composite_b10_x70_e3_w10,focused,2,3.0,-1.0,45,1.5,true,10,65,10,70,3,8,104.0,4,213,165.0,15.0,0,36,30.409356725146196,0.7017543859649122,15.0,59.0,22.078815789473687,0.14423076923076922,02:46-03:01; 04:25-05:24; 06:26-06:41; 06:57-07:12
focused_composite_b10_x70_e2_w15,focused,2,3.0,-1.0,45,1.5,true,15,65,10,70,2,8,121.0,5,213,145.0,29.0,0,16,35.38011695906433,0.8771929824561403,17.0,59.0,21.201622807017547,0.2396694214876033,02:43-03:00; 03:03-03:15; 04:25-05:24; 06:26-06:40; 06:53-07:12
focused_composite_b10_x70_e2_w10,focused,2,3.0,-1.0,45,1.5,true,10,65,10,70,2,8,102.0,4,213,161.0,14.0,0,32,29.82456140350877,0.7017543859649122,14.5,59.0,22.078815789473687,0.13725490196078433,02:46-03:00; 04:25-05:24; 06:26-06:40; 06:57-07:12
focused_composite_b10_x70_e1_w15,focused,2,3.0,-1.0,45,1.5,true,15,65,10,70,1,8,119.0,5,213,142.0,28.0,0,13,34.7953216374269,0.8771929824561403,16.0,59.0,21.201622807017547,0.23529411764705882,02:43-02:59; 03:03-03:15; 04:25-05:24; 06:26-06:39; 06:53-07:12
focused_composite_b10_x70_e1_w10,focused,2,3.0,-1.0,45,1.5,true,10,65,10,70,1,8,100.0,4,213,157.0,13.0,0,28,29.239766081871345,0.7017543859649122,14.0,59.0,22.078815789473687,0.13,02:46-02:59; 04:25-05:24; 06:26-06:39; 06:57-07:12
focused_composite_b10_x65_e3_w15,focused,2,3.0,-1.0,45,1.5,true,15,65,10,65,3,8,111.0,4,213,151.0,18.0,0,22,32.45614035087719,0.7017543859649122,18.5,59.0,21.201622807017547,0.16216216216216217,02:43-03:01; 04:25-05:24; 06:26-06:41; 06:53-07:12
focused_composite_b10_x65_e3_w10,focused,2,3.0,-1.0,45,1.5,true,10,65,10,65,3,8,104.0,4,213,163.0,15.0,0,34,30.409356725146196,0.7017543859649122,15.0,59.0,22.078815789473687,0.14423076923076922,02:46-03:01; 04:25-05:24; 06:26-06:41; 06:57-07:12
focused_composite_b10_x65_e2_w15,focused,2,3.0,-1.0,45,1.5,true,15,65,10,65,2,8,109.0,4,213,147.0,17.0,0,18,31.871345029239766,0.7017543859649122,18.0,59.0,21.201622807017547,0.1559633027522936,02:43-03:00; 04:25-05:24; 06:26-06:40; 06:53-07:12
focused_composite_b10_x65_e2_w10,focused,2,3.0,-1.0,45,1.5,true,10,65,10,65,2,8,102.0,4,213,159.0,14.0,0,30,29.82456140350877,0.7017543859649122,14.5,59.0,22.078815789473687,0.13725490196078433,02:46-03:00; 04:25-05:24; 06:26-06:40; 06:57-07:12
focused_composite_b10_x65_e1_w15,focused,2,3.0,-1.0,45,1.5,true,15,65,10,65,1,8,107.0,4,213,143.0,16.0,0,14,31.28654970760234,0.7017543859649122,17.5,59.0,21.201622807017547,0.14953271028037382,02:43-02:59; 04:25-05:24; 06:26-06:39; 06:53-07:12
focused_composite_b10_x65_e1_w10,focused,2,3.0,-1.0,45,1.5,true,10,65,10,65,1,8,100.0,4,213,155.0,13.0,0,26,29.239766081871345,0.7017543859649122,14.0,59.0,22.078815789473687,0.13,02:46-02:59; 04:25-05:24; 06:26-06:39; 06:57-07:12
focused_composite_b10_x50_e3_w15,focused,2,3.0,-1.0,45,1.5,true,15,65,10,50,3,8,74.0,2,213,182.0,0.0,0,53,21.637426900584796,0.3508771929824561,37.0,59.0,51.02618421052632,0.0,04:25-05:24; 06:26-06:41
focused_composite_b10_x50_e3_w10,focused,2,3.0,-1.0,45,1.5,true,10,65,10,50,3,8,74.0,2,213,188.0,0.0,0,59,21.637426900584796,0.3508771929824561,37.0,59.0,51.02618421052632,0.0,04:25-05:24; 06:26-06:41
focused_composite_b10_x50_e2_w15,focused,2,3.0,-1.0,45,1.5,true,15,65,10,50,2,8,72.0,2,213,175.0,0.0,0,46,21.052631578947366,0.3508771929824561,36.0,58.0,51.02618421052632,0.0,04:25-05:23; 06:26-06:40
focused_composite_b10_x50_e2_w10,focused,2,3.0,-1.0,45,1.5,true,10,65,10,50,2,8,72.0,2,213,181.0,0.0,0,52,21.052631578947366,0.3508771929824561,36.0,58.0,51.02618421052632,0.0,04:25-05:23; 06:26-06:40
focused_composite_b10_x50_e1_w15,focused,2,3.0,-1.0,45,1.5,true,15,65,10,50,1,8,68.0,2,213,167.0,0.0,0,38,19.883040935672515,0.3508771929824561,34.0,55.0,51.610979532163746,0.0,04:27-05:22; 06:26-06:39
focused_composite_b10_x50_e1_w10,focused,2,3.0,-1.0,45,1.5,true,10,65,10,50,1,8,68.0,2,213,175.0,0.0,0,46,19.883040935672515,0.3508771929824561,34.0,55.0,51.610979532163746,0.0,04:27-05:22; 06:26-06:39
focused_composite_b5_x70_e3_w15,focused,2,3.0,-1.0,45,1.5,true,15,65,5,70,3,8,142.0,8,213,129.0,34.49045,0,0,41.52046783625731,1.4035087719298245,13.5,59.0,21.201622807017547,0.2428904929577465,02:43-03:01; 03:03-03:15; 04:17-04:24; 04:25-05:24; 06:18-06:24; 06:26-06:41; 06:43-06:49; 06:53-07:12
focused_composite_b5_x70_e3_w10,focused,2,3.0,-1.0,45,1.5,true,10,65,5,70,3,8,140.0,9,213,129.0,33.49045,0,0,40.93567251461988,1.5789473684210527,9.0,59.0,22.078815789473687,0.23921750000000003,02:46-03:01; 03:10-03:15; 04:06-04:15; 04:17-04:24; 04:25-05:24; 06:15-06:24; 06:26-06:41; 06:43-06:49; 06:57-07:12
focused_composite_b5_x70_e2_w15,focused,2,3.0,-1.0,45,1.5,true,15,65,5,70,2,8,137.0,8,213,129.0,33.49045,0,0,40.058479532163744,1.4035087719298245,13.0,59.0,21.201622807017547,0.24445583941605842,02:43-03:00; 03:03-03:15; 04:17-04:23; 04:25-05:24; 06:18-06:23; 06:26-06:40; 06:43-06:48; 06:53-07:12
focused_composite_b5_x70_e2_w10,focused,2,3.0,-1.0,45,1.5,true,10,65,5,70,2,8,134.0,9,213,129.0,31.49045,0,0,39.1812865497076,1.5789473684210527,8.0,59.0,22.078815789473687,0.2350033582089552,02:46-03:00; 03:10-03:15; 04:06-04:14; 04:17-04:23; 04:25-05:24; 06:15-06:23; 06:26-06:40; 06:43-06:48; 06:57-07:12
focused_composite_b5_x70_e1_w15,focused,2,3.0,-1.0,45,1.5,true,15,65,5,70,1,8,124.0,6,213,137.0,32.49045,0,8,36.25730994152047,1.0526315789473684,14.5,59.0,21.201622807017547,0.26201975806451616,02:43-02:59; 03:03-03:15; 04:17-04:22; 04:25-05:24; 06:26-06:39; 06:53-07:12
focused_composite_b5_x70_e1_w10,focused,2,3.0,-1.0,45,1.5,true,10,65,5,70,1,8,124.0,8,213,133.0,29.49045,0,4,36.25730994152047,1.4035087719298245,10.0,59.0,22.078815789473687,0.23782620967741935,02:46-02:59; 03:10-03:15; 04:06-04:13; 04:17-04:22; 04:25-05:24; 06:15-06:22; 06:26-06:39; 06:57-07:12
focused_composite_b5_x65_e3_w15,focused,2,3.0,-1.0,45,1.5,true,15,65,5,65,3,8,130.0,7,213,132.0,22.49045,0,3,38.01169590643275,1.2280701754385965,15.0,59.0,21.201622807017547,0.17300346153846152,02:43-03:01; 04:17-04:24; 04:25-05:24; 06:18-06:24; 06:26-06:41; 06:43-06:49; 06:53-07:12
focused_composite_b5_x65_e3_w10,focused,2,3.0,-1.0,45,1.5,true,10,65,5,65,3,8,138.0,9,213,129.0,31.49045,0,0,40.35087719298245,1.5789473684210527,9.0,59.0,22.078815789473687,0.22819166666666665,02:46-03:01; 03:10-03:15; 04:06-04:13; 04:17-04:24; 04:25-05:24; 06:15-06:24; 06:26-06:41; 06:43-06:49; 06:57-07:12
focused_composite_b5_x65_e2_w15,focused,2,3.0,-1.0,45,1.5,true,15,65,5,65,2,8,125.0,7,213,131.0,21.49045,0,2,36.54970760233918,1.2280701754385965,14.0,59.0,21.201622807017547,0.17192359999999998,02:43-03:00; 04:17-04:23; 04:25-05:24; 06:18-06:23; 06:26-06:40; 06:43-06:48; 06:53-07:12
focused_composite_b5_x65_e2_w10,focused,2,3.0,-1.0,45,1.5,true,10,65,5,65,2,8,132.0,9,213,129.0,29.49045,0,0,38.59649122807017,1.5789473684210527,8.0,59.0,22.078815789473687,0.22341249999999999,02:46-03:00; 03:10-03:15; 04:06-04:12; 04:17-04:23; 04:25-05:24; 06:15-06:23; 06:26-06:40; 06:43-06:48; 06:57-07:12
focused_composite_b5_x65_e1_w15,focused,2,3.0,-1.0,45,1.5,true,15,65,5,65,1,8,112.0,5,213,138.0,20.49045,0,9,32.748538011695906,0.8771929824561403,16.0,59.0,21.201622807017547,0.18295044642857142,02:43-02:59; 04:17-04:22; 04:25-05:24; 06:26-06:39; 06:53-07:12
focused_composite_b5_x65_e1_w10,focused,2,3.0,-1.0,45,1.5,true,10,65,5,65,1,8,117.0,7,213,138.0,22.49045,0,9,34.21052631578947,1.2280701754385965,13.0,59.0,22.078815789473687,0.19222606837606837,02:46-02:59; 04:06-04:11; 04:17-04:22; 04:25-05:24; 06:15-06:22; 06:26-06:39; 06:57-07:12
focused_composite_b5_x50_e3_w15,focused,2,3.0,-1.0,45,1.5,true,15,65,5,50,3,8,112.0,8,213,144.0,10.49045,0,15,32.748538011695906,1.4035087719298245,7.0,59.0,24.710394736842105,0.09366473214285713,02:55-03:01; 04:17-04:24; 04:25-05:24; 06:18-06:24; 06:26-06:41; 06:43-06:48; 06:57-07:04; 07:05-07:12
focused_composite_b5_x50_e3_w10,focused,2,3.0,-1.0,45,1.5,true,10,65,5,50,3,8,123.0,9,213,139.0,18.49045,0,10,35.96491228070175,1.5789473684210527,7.0,59.0,24.417997076023394,0.15032886178861787,02:54-03:01; 04:06-04:13; 04:17-04:24; 04:25-05:24; 06:15-06:24; 06:26-06:41; 06:43-06:48; 06:57-07:04; 07:05-07:12
focused_composite_b5_x50_e2_w15,focused,2,3.0,-1.0,45,1.5,true,15,65,5,50,2,8,100.0,7,213,147.0,9.49045,0,18,29.239766081871345,1.2280701754385965,6.0,58.0,24.710394736842105,0.09490449999999999,02:55-03:00; 04:17-04:23; 04:25-05:23; 06:18-06:23; 06:26-06:40; 06:56-07:03; 07:07-07:12
focused_composite_b5_x50_e2_w10,focused,2,3.0,-1.0,45,1.5,true,10,65,5,50,2,8,108.0,8,213,145.0,15.49045,0,16,31.57894736842105,1.4035087719298245,6.0,58.0,24.710394736842105,0.1434300925925926,02:55-03:00; 04:06-04:12; 04:17-04:23; 04:25-05:23; 06:15-06:23; 06:26-06:40; 06:57-07:03; 07:07-07:12
focused_composite_b5_x50_e1_w15,focused,2,3.0,-1.0,45,1.5,true,15,65,5,50,1,8,83.0,5,213,152.0,4.49045,0,23,24.269005847953213,0.8771929824561403,5.0,55.0,48.68700292397661,0.054101807228915666,04:17-04:22; 04:27-05:22; 06:26-06:39; 06:57-07:02; 07:07-07:12
focused_composite_b5_x50_e1_w10,focused,2,3.0,-1.0,45,1.5,true,10,65,5,50,1,8,95.0,7,213,148.0,9.49045,0,19,27.77777777777778,1.2280701754385965,5.0,55.0,45.47062865497076,0.09989947368421052,04:06-04:11; 04:17-04:22; 04:27-05:22; 06:15-06:22; 06:26-06:39; 06:57-07:02; 07:07-07:12
focused_composite_b2_x70_e3_w15,focused,2,3.0,-1.0,45,1.5,true,15,65,2,70,3,8,142.0,8,213,129.0,34.49045,0,0,41.52046783625731,1.4035087719298245,13.5,59.0,21.201622807017547,0.2428904929577465,02:43-03:01; 03:03-03:15; 04:17-04:24; 04:25-05:24; 06:18-06:24; 06:26-06:41; 06:43-06:49; 06:53-07:12
focused_composite_b2_x70_e3_w10,focused,2,3.0,-1.0,45,1.5,true,10,65,2,70,3,8,140.0,9,213,129.0,33.49045,0,0,40.93567251461988,1.5789473684210527,9.0,59.0,22.078815789473687,0.23921750000000003,02:46-03:01; 03:10-03:15; 04:06-04:15; 04:17-04:24; 04:25-05:24; 06:15-06:24; 06:26-06:41; 06:43-06:49; 06:57-07:12
focused_composite_b2_x70_e2_w15,focused,2,3.0,-1.0,45,1.5,true,15,65,2,70,2,8,137.0,8,213,129.0,33.49045,0,0,40.058479532163744,1.4035087719298245,13.0,59.0,21.201622807017547,0.24445583941605842,02:43-03:00; 03:03-03:15; 04:17-04:23; 04:25-05:24; 06:18-06:23; 06:26-06:40; 06:43-06:48; 06:53-07:12
focused_composite_b2_x70_e2_w10,focused,2,3.0,-1.0,45,1.5,true,10,65,2,70,2,8,134.0,9,213,129.0,31.49045,0,0,39.1812865497076,1.5789473684210527,8.0,59.0,22.078815789473687,0.2350033582089552,02:46-03:00; 03:10-03:15; 04:06-04:14; 04:17-04:23; 04:25-05:24; 06:15-06:23; 06:26-06:40; 06:43-06:48; 06:57-07:12
focused_composite_b2_x70_e1_w15,focused,2,3.0,-1.0,45,1.5,true,15,65,2,70,1,8,132.0,8,213,129.0,32.49045,0,0,38.59649122807017,1.4035087719298245,12.5,59.0,21.201622807017547,0.24613977272727275,02:43-02:59; 03:03-03:15; 04:17-04:22; 04:25-05:24; 06:18-06:22; 06:26-06:39; 06:43-06:47; 06:53-07:12
focused_composite_b2_x70_e1_w10,focused,2,3.0,-1.0,45,1.5,true,10,65,2,70,1,8,128.0,9,213,129.0,29.49045,0,0,37.42690058479532,1.5789473684210527,7.0,59.0,22.078815789473687,0.230394140625,02:46-02:59; 03:10-03:15; 04:06-04:13; 04:17-04:22; 04:25-05:24; 06:15-06:22; 06:26-06:39; 06:43-06:47; 06:57-07:12
focused_composite_b2_x65_e3_w15,focused,2,3.0,-1.0,45,1.5,true,15,65,2,65,3,8,133.0,8,213,129.0,25.49045,0,0,38.88888888888889,1.4035087719298245,11.0,59.0,21.201622807017547,0.19165751879699247,02:43-03:01; 03:03-03:06; 04:17-04:24; 04:25-05:24; 06:18-06:24; 06:26-06:41; 06:43-06:49; 06:53-07:12
focused_composite_b2_x65_e3_w10,focused,2,3.0,-1.0,45,1.5,true,10,65,2,65,3,8,138.0,9,213,129.0,31.49045,0,0,40.35087719298245,1.5789473684210527,9.0,59.0,22.078815789473687,0.22819166666666665,02:46-03:01; 03:10-03:15; 04:06-04:13; 04:17-04:24; 04:25-05:24; 06:15-06:24; 06:26-06:41; 06:43-06:49; 06:57-07:12
focused_composite_b2_x65_e2_w15,focused,2,3.0,-1.0,45,1.5,true,15,65,2,65,2,8,127.0,8,213,129.0,23.49045,0,0,37.13450292397661,1.4035087719298245,10.0,59.0,21.201622807017547,0.18496417322834646,02:43-03:00; 03:03-03:05; 04:17-04:23; 04:25-05:24; 06:18-06:23; 06:26-06:40; 06:43-06:48; 06:53-07:12
focused_composite_b2_x65_e2_w10,focused,2,3.0,-1.0,45,1.5,true,10,65,2,65,2,8,132.0,9,213,129.0,29.49045,0,0,38.59649122807017,1.5789473684210527,8.0,59.0,22.078815789473687,0.22341249999999999,02:46-03:00; 03:10-03:15; 04:06-04:12; 04:17-04:23; 04:25-05:24; 06:15-06:23; 06:26-06:40; 06:43-06:48; 06:57-07:12
focused_composite_b2_x65_e1_w15,focused,2,3.0,-1.0,45,1.5,true,15,65,2,65,1,8,120.0,7,213,130.0,20.49045,0,1,35.08771929824561,1.2280701754385965,13.0,59.0,21.201622807017547,0.17075374999999998,02:43-02:59; 04:17-04:22; 04:25-05:24; 06:18-06:22; 06:26-06:39; 06:43-06:47; 06:53-07:12
focused_composite_b2_x65_e1_w10,focused,2,3.0,-1.0,45,1.5,true,10,65,2,65,1,8,124.0,9,213,131.0,25.49045,0,2,36.25730994152047,1.5789473684210527,7.0,59.0,22.078815789473687,0.20556814516129032,02:46-02:59; 03:10-03:13; 04:06-04:11; 04:17-04:22; 04:25-05:24; 06:15-06:22; 06:26-06:39; 06:43-06:47; 06:57-07:12
focused_composite_b2_x50_e3_w15,focused,2,3.0,-1.0,45,1.5,true,15,65,2,50,3,8,127.0,13,213,129.0,22.49045,0,0,37.13450292397661,2.280701754385965,6.0,59.0,21.201622807017547,0.17709015748031495,02:43-02:46; 02:47-02:50; 02:51-02:54; 02:55-03:01; 03:03-03:06; 04:17-04:24; 04:25-05:24; 06:18-06:24; 06:26-06:41; 06:43-06:48; 06:53-06:56; 06:57-07:04; 07:05-07:12
focused_composite_b2_x50_e3_w10,focused,2,3.0,-1.0,45,1.5,true,10,65,2,50,3,8,132.0,12,213,130.0,27.49045,0,1,38.59649122807017,2.1052631578947367,7.0,59.0,22.078815789473687,0.20826098484848485,02:46-02:49; 02:50-02:53; 02:54-03:01; 03:10-03:13; 04:06-04:13; 04:17-04:24; 04:25-05:24; 06:15-06:24; 06:26-06:41; 06:43-06:48; 06:57-07:04; 07:05-07:12
focused_composite_b2_x50_e2_w15,focused,2,3.0,-1.0,45,1.5,true,15,65,2,50,2,8,118.0,15,213,129.0,19.49045,0,0,34.50292397660819,2.631578947368421,4.0,58.0,21.201622807017547,0.16517330508474576,02:43-02:45; 02:46-02:48; 02:49-02:51; 02:52-02:54; 02:55-03:00; 03:03-03:05; 04:17-04:23; 04:25-05:23; 06:18-06:23; 06:26-06:40; 06:43-06:47; 06:53-06:55; 06:56-07:03; 07:04-07:06; 07:07-07:12
focused_composite_b2_x50_e2_w10,focused,2,3.0,-1.0,45,1.5,true,10,65,2,50,2,8,124.0,15,213,129.0,25.49045,0,0,36.25730994152047,2.631578947368421,5.0,58.0,22.078815789473687,0.20556814516129032,02:46-02:48; 02:49-02:51; 02:52-02:54; 02:55-03:00; 03:10-03:12; 03:13-03:15; 04:06-04:12; 04:17-04:23; 04:25-05:23; 06:15-06:23; 06:26-06:40; 06:43-06:47; 06:57-07:03; 07:04-07:06; 07:07-07:12
focused_composite_b2_x50_e1_w15,focused,2,3.0,-1.0,45,1.5,true,15,65,2,50,1,8,92.0,8,213,143.0,6.49045,0,14,26.900584795321635,1.4035087719298245,5.0,55.0,25.295190058479534,0.07054836956521739,02:57-02:59; 04:17-04:22; 04:27-05:22; 06:18-06:22; 06:26-06:39; 06:43-06:46; 06:57-07:02; 07:07-07:12
focused_composite_b2_x50_e1_w10,focused,2,3.0,-1.0,45,1.5,true,10,65,2,50,1,8,102.0,10,213,141.0,13.49045,0,12,29.82456140350877,1.7543859649122806,5.0,55.0,24.417997076023394,0.13225931372549019,02:54-02:56; 02:57-02:59; 04:06-04:11; 04:17-04:22; 04:27-05:22; 06:15-06:22; 06:26-06:39; 06:43-06:46; 06:57-07:02; 07:07-07:12
